!SESSION 2022-12-22 16:58:06.833 -----------------------------------------------
eclipse.buildId=unknown
java.version=1.8.0_352
java.vendor=Private Build
BootLoader constants: OS=linux, ARCH=x86_64, WS=gtk, NL=en
Command-line arguments:  -data /home/romuald/.config/coc/extensions/coc-java-data/jdt_ws_e3cb24d1b705bada20ce1c7f040c031c

!ENTRY org.eclipse.equinox.common 4 0 2022-12-22 16:58:07.381
!MESSAGE FrameworkEvent ERROR
!STACK 0
org.osgi.framework.BundleException: Could not resolve module: org.eclipse.equinox.common [30]
  Unresolved requirement: Require-Capability: osgi.ee; filter:="(&(osgi.ee=JavaSE)(version=11))"

	at org.eclipse.osgi.container.Module.start(Module.java:463)
	at org.eclipse.osgi.container.ModuleContainer$ContainerStartLevel$2.run(ModuleContainer.java:1852)
	at org.eclipse.osgi.internal.framework.EquinoxContainerAdaptor$1$1.execute(EquinoxContainerAdaptor.java:136)
	at org.eclipse.osgi.container.ModuleContainer$ContainerStartLevel.incStartLevel(ModuleContainer.java:1845)
	at org.eclipse.osgi.container.ModuleContainer$ContainerStartLevel.incStartLevel(ModuleContainer.java:1788)
	at org.eclipse.osgi.container.ModuleContainer$ContainerStartLevel.doContainerStartLevel(ModuleContainer.java:1750)
	at org.eclipse.osgi.container.ModuleContainer$ContainerStartLevel.dispatchEvent(ModuleContainer.java:1672)
	at org.eclipse.osgi.container.ModuleContainer$ContainerStartLevel.dispatchEvent(ModuleContainer.java:1)
	at org.eclipse.osgi.framework.eventmgr.EventManager.dispatchEvent(EventManager.java:234)
	at org.eclipse.osgi.framework.eventmgr.EventManager$EventThread.run(EventManager.java:345)

!ENTRY org.eclipse.ant.core 4 0 2022-12-22 16:58:07.383
!MESSAGE FrameworkEvent ERROR
!STACK 0
org.osgi.framework.BundleException: Could not resolve module: org.eclipse.ant.core [13]
  Unresolved requirement: Require-Bundle: org.eclipse.core.variables; bundle-version="[3.1.0,4.0.0)"
    -> Bundle-SymbolicName: org.eclipse.core.variables; bundle-version="3.5.100.v20210721-1355"; singleton:="true"
       org.eclipse.core.variables [27]
         Unresolved requirement: Require-Capability: osgi.ee; filter:="(&(osgi.ee=JavaSE)(version=11))"
         Unresolved requirement: Require-Bundle: org.eclipse.core.runtime; bundle-version="[3.3.0,4.0.0)"
           -> Bundle-SymbolicName: org.eclipse.core.runtime; bundle-version="3.26.100.v20221021-0005"; singleton:="true"
              org.eclipse.core.runtime [26]
                Unresolved requirement: Require-Capability: osgi.ee; filter:="(&(osgi.ee=JavaSE)(version=11))"
                Unresolved requirement: Require-Bundle: org.eclipse.core.contenttype; bundle-version="[3.8.0,4.0.0)"; visibility:="reexport"
                  -> Bundle-SymbolicName: org.eclipse.core.contenttype; bundle-version="3.8.200.v20220817-1539"; singleton:="true"
                     org.eclipse.core.contenttype [18]
                       Unresolved requirement: Require-Bundle: org.eclipse.equinox.preferences; bundle-version="[3.2.0,4.0.0)"
                         -> Bundle-SymbolicName: org.eclipse.equinox.preferences; bundle-version="3.10.100.v20220710-1223"; singleton:="true"
                            org.eclipse.equinox.preferences [35]
                              Unresolved requirement: Require-Bundle: org.eclipse.equinox.common; bundle-version="[3.2.0,4.0.0)"
                                -> Bundle-SymbolicName: org.eclipse.equinox.common; bundle-version="3.17.0.v20221006-0914"; singleton:="true"
                                   org.eclipse.equinox.common [30]
                                     Unresolved requirement: Require-Capability: osgi.ee; filter:="(&(osgi.ee=JavaSE)(version=11))"
                Unresolved requirement: Require-Bundle: org.eclipse.equinox.registry; bundle-version="[3.11.0,4.0.0)"; visibility:="reexport"
                  -> Bundle-SymbolicName: org.eclipse.equinox.registry; bundle-version="3.11.200.v20220817-1601"; singleton:="true"
                     org.eclipse.equinox.registry [36]
                       Unresolved requirement: Require-Bundle: org.eclipse.equinox.common; bundle-version="[3.15.100,4.0.0)"
                         -> Bundle-SymbolicName: org.eclipse.equinox.common; bundle-version="3.17.0.v20221006-0914"; singleton:="true"
                       Unresolved requirement: Import-Package: org.eclipse.core.runtime.jobs; resolution:="optional"
                         -> Export-Package: org.eclipse.core.runtime.jobs; bundle-symbolic-name="org.eclipse.core.jobs"; bundle-version="3.13.200.v20221027-1557"; version="0.0.0"
                            org.eclipse.core.jobs [22]
                              Unresolved requirement: Require-Bundle: org.eclipse.equinox.common; bundle-version="[3.8.0,4.0.0)"
                                -> Bundle-SymbolicName: org.eclipse.equinox.common; bundle-version="3.17.0.v20221006-0914"; singleton:="true"
                Unresolved requirement: Require-Bundle: org.eclipse.equinox.preferences; bundle-version="[3.10.0,4.0.0)"; visibility:="reexport"
                  -> Bundle-SymbolicName: org.eclipse.equinox.preferences; bundle-version="3.10.100.v20220710-1223"; singleton:="true"
                Unresolved requirement: Require-Bundle: org.eclipse.equinox.common; bundle-version="3.16.0"; visibility:="reexport"
                  -> Bundle-SymbolicName: org.eclipse.equinox.common; bundle-version="3.17.0.v20221006-0914"; singleton:="true"
                Unresolved requirement: Require-Bundle: org.eclipse.equinox.app; bundle-version="1.6.0"; visibility:="reexport"
                  -> Bundle-SymbolicName: org.eclipse.equinox.app; bundle-version="1.6.200.v20220720-2012"; singleton:="true"
                     org.eclipse.equinox.app [29]
                       Unresolved requirement: Require-Bundle: org.eclipse.equinox.registry; bundle-version="[3.4.0,4.0.0)"
                         -> Bundle-SymbolicName: org.eclipse.equinox.registry; bundle-version="3.11.200.v20220817-1601"; singleton:="true"
                Unresolved requirement: Require-Bundle: org.eclipse.core.jobs; bundle-version="[3.13.0,4.0.0)"; visibility:="reexport"
                  -> Bundle-SymbolicName: org.eclipse.core.jobs; bundle-version="3.13.200.v20221027-1557"; singleton:="true"
  Unresolved requirement: Require-Bundle: org.eclipse.core.runtime; bundle-version="[3.25.0,4.0.0)"
    -> Bundle-SymbolicName: org.eclipse.core.runtime; bundle-version="3.26.100.v20221021-0005"; singleton:="true"

	at org.eclipse.osgi.container.Module.start(Module.java:463)
	at org.eclipse.osgi.container.ModuleContainer$ContainerStartLevel$2.run(ModuleContainer.java:1852)
	at org.eclipse.osgi.internal.framework.EquinoxContainerAdaptor$1$1.execute(EquinoxContainerAdaptor.java:136)
	at org.eclipse.osgi.container.ModuleContainer$ContainerStartLevel.incStartLevel(ModuleContainer.java:1845)
	at org.eclipse.osgi.container.ModuleContainer$ContainerStartLevel.incStartLevel(ModuleContainer.java:1786)
	at org.eclipse.osgi.container.ModuleContainer$ContainerStartLevel.doContainerStartLevel(ModuleContainer.java:1750)
	at org.eclipse.osgi.container.ModuleContainer$ContainerStartLevel.dispatchEvent(ModuleContainer.java:1672)
	at org.eclipse.osgi.container.ModuleContainer$ContainerStartLevel.dispatchEvent(ModuleContainer.java:1)
	at org.eclipse.osgi.framework.eventmgr.EventManager.dispatchEvent(EventManager.java:234)
	at org.eclipse.osgi.framework.eventmgr.EventManager$EventThread.run(EventManager.java:345)

!ENTRY org.eclipse.buildship.core 4 0 2022-12-22 16:58:07.385
!MESSAGE FrameworkEvent ERROR
!STACK 0
org.osgi.framework.BundleException: Could not resolve module: org.eclipse.buildship.core [15]
  Unresolved requirement: Require-Bundle: org.eclipse.core.runtime
    -> Bundle-SymbolicName: org.eclipse.core.runtime; bundle-version="3.26.100.v20221021-0005"; singleton:="true"
       org.eclipse.core.runtime [26]
         Unresolved requirement: Require-Capability: osgi.ee; filter:="(&(osgi.ee=JavaSE)(version=11))"
         Unresolved requirement: Require-Bundle: org.eclipse.core.contenttype; bundle-version="[3.8.0,4.0.0)"; visibility:="reexport"
           -> Bundle-SymbolicName: org.eclipse.core.contenttype; bundle-version="3.8.200.v20220817-1539"; singleton:="true"
              org.eclipse.core.contenttype [18]
                Unresolved requirement: Require-Bundle: org.eclipse.equinox.preferences; bundle-version="[3.2.0,4.0.0)"
                  -> Bundle-SymbolicName: org.eclipse.equinox.preferences; bundle-version="3.10.100.v20220710-1223"; singleton:="true"
                     org.eclipse.equinox.preferences [35]
                       Unresolved requirement: Require-Bundle: org.eclipse.equinox.common; bundle-version="[3.2.0,4.0.0)"
                         -> Bundle-SymbolicName: org.eclipse.equinox.common; bundle-version="3.17.0.v20221006-0914"; singleton:="true"
                            org.eclipse.equinox.common [30]
                              Unresolved requirement: Require-Capability: osgi.ee; filter:="(&(osgi.ee=JavaSE)(version=11))"
         Unresolved requirement: Require-Bundle: org.eclipse.equinox.registry; bundle-version="[3.11.0,4.0.0)"; visibility:="reexport"
           -> Bundle-SymbolicName: org.eclipse.equinox.registry; bundle-version="3.11.200.v20220817-1601"; singleton:="true"
              org.eclipse.equinox.registry [36]
                Unresolved requirement: Require-Bundle: org.eclipse.equinox.common; bundle-version="[3.15.100,4.0.0)"
                  -> Bundle-SymbolicName: org.eclipse.equinox.common; bundle-version="3.17.0.v20221006-0914"; singleton:="true"
                Unresolved requirement: Import-Package: org.eclipse.core.runtime.jobs; resolution:="optional"
                  -> Export-Package: org.eclipse.core.runtime.jobs; bundle-symbolic-name="org.eclipse.core.jobs"; bundle-version="3.13.200.v20221027-1557"; version="0.0.0"
                     org.eclipse.core.jobs [22]
                       Unresolved requirement: Require-Bundle: org.eclipse.equinox.common; bundle-version="[3.8.0,4.0.0)"
                         -> Bundle-SymbolicName: org.eclipse.equinox.common; bundle-version="3.17.0.v20221006-0914"; singleton:="true"
         Unresolved requirement: Require-Bundle: org.eclipse.equinox.preferences; bundle-version="[3.10.0,4.0.0)"; visibility:="reexport"
           -> Bundle-SymbolicName: org.eclipse.equinox.preferences; bundle-version="3.10.100.v20220710-1223"; singleton:="true"
         Unresolved requirement: Require-Bundle: org.eclipse.equinox.common; bundle-version="3.16.0"; visibility:="reexport"
           -> Bundle-SymbolicName: org.eclipse.equinox.common; bundle-version="3.17.0.v20221006-0914"; singleton:="true"
         Unresolved requirement: Require-Bundle: org.eclipse.equinox.app; bundle-version="1.6.0"; visibility:="reexport"
           -> Bundle-SymbolicName: org.eclipse.equinox.app; bundle-version="1.6.200.v20220720-2012"; singleton:="true"
              org.eclipse.equinox.app [29]
                Unresolved requirement: Require-Bundle: org.eclipse.equinox.registry; bundle-version="[3.4.0,4.0.0)"
                  -> Bundle-SymbolicName: org.eclipse.equinox.registry; bundle-version="3.11.200.v20220817-1601"; singleton:="true"
         Unresolved requirement: Require-Bundle: org.eclipse.core.jobs; bundle-version="[3.13.0,4.0.0)"; visibility:="reexport"
           -> Bundle-SymbolicName: org.eclipse.core.jobs; bundle-version="3.13.200.v20221027-1557"; singleton:="true"
  Unresolved requirement: Require-Bundle: org.eclipse.core.expressions
    -> Bundle-SymbolicName: org.eclipse.core.expressions; bundle-version="3.8.200.v20220613-1047"; singleton:="true"
       org.eclipse.core.expressions [19]
         Unresolved requirement: Require-Capability: osgi.ee; filter:="(&(osgi.ee=JavaSE)(version=11))"
         Unresolved requirement: Require-Bundle: org.eclipse.core.runtime; bundle-version="[3.3.0,4.0.0)"
           -> Bundle-SymbolicName: org.eclipse.core.runtime; bundle-version="3.26.100.v20221021-0005"; singleton:="true"
  Unresolved requirement: Require-Bundle: org.eclipse.core.net
    -> Bundle-SymbolicName: org.eclipse.core.net; bundle-version="1.4.0.v20220813-1037"; singleton:="true"
       org.eclipse.core.net [23]
         Unresolved requirement: Require-Bundle: org.eclipse.equinox.security; bundle-version="[1.0.0,2.0.0)"
           -> Bundle-SymbolicName: org.eclipse.equinox.security; bundle-version="1.3.1000.v20220801-1135"; singleton:="true"
              org.eclipse.equinox.security [37]
                Unresolved requirement: Import-Package: org.eclipse.core.internal.runtime; common="split"
                  -> Export-Package: org.eclipse.core.internal.runtime; bundle-symbolic-name="org.eclipse.equinox.common"; common="split"; bundle-version="3.17.0.v20221006-0914"; version="0.0.0"; x-friends:="org.eclipse.core.contenttype,  org.eclipse.core.jobs,  org.eclipse.equinox.preferences,  org.eclipse.equinox.registry,  org.eclipse.core.runtime,  org.eclipse.core.runtime.compatibility,  org.eclipse.core.filesystem,  org.eclipse.equinox.security"; mandatory:="common"
         Unresolved requirement: Require-Bundle: org.eclipse.equinox.common; bundle-version="3.12.0"
           -> Bundle-SymbolicName: org.eclipse.equinox.common; bundle-version="3.17.0.v20221006-0914"; singleton:="true"
  Unresolved requirement: Require-Bundle: org.eclipse.core.filesystem
    -> Bundle-SymbolicName: org.eclipse.core.filesystem; bundle-version="1.9.500.v20220817-1539"; singleton:="true"
       org.eclipse.core.filesystem [21]
         Unresolved requirement: Require-Bundle: org.eclipse.equinox.common; bundle-version="[3.2.0,4.0.0)"
           -> Bundle-SymbolicName: org.eclipse.equinox.common; bundle-version="3.17.0.v20221006-0914"; singleton:="true"

	at org.eclipse.osgi.container.Module.start(Module.java:463)
	at org.eclipse.osgi.container.ModuleContainer$ContainerStartLevel$2.run(ModuleContainer.java:1852)
	at org.eclipse.osgi.internal.framework.EquinoxContainerAdaptor$1$1.execute(EquinoxContainerAdaptor.java:136)
	at org.eclipse.osgi.container.ModuleContainer$ContainerStartLevel.incStartLevel(ModuleContainer.java:1845)
	at org.eclipse.osgi.container.ModuleContainer$ContainerStartLevel.incStartLevel(ModuleContainer.java:1786)
	at org.eclipse.osgi.container.ModuleContainer$ContainerStartLevel.doContainerStartLevel(ModuleContainer.java:1750)
	at org.eclipse.osgi.container.ModuleContainer$ContainerStartLevel.dispatchEvent(ModuleContainer.java:1672)
	at org.eclipse.osgi.container.ModuleContainer$ContainerStartLevel.dispatchEvent(ModuleContainer.java:1)
	at org.eclipse.osgi.framework.eventmgr.EventManager.dispatchEvent(EventManager.java:234)
	at org.eclipse.osgi.framework.eventmgr.EventManager$EventThread.run(EventManager.java:345)

!ENTRY org.eclipse.compare.core 4 0 2022-12-22 16:58:07.387
!MESSAGE FrameworkEvent ERROR
!STACK 0
org.osgi.framework.BundleException: Could not resolve module: org.eclipse.compare.core [16]
  Unresolved requirement: Require-Capability: osgi.ee; filter:="(&(osgi.ee=JavaSE)(version=11))"
  Unresolved requirement: Require-Bundle: org.eclipse.core.runtime; bundle-version="[3.2.0,4.0.0)"
    -> Bundle-SymbolicName: org.eclipse.core.runtime; bundle-version="3.26.100.v20221021-0005"; singleton:="true"
       org.eclipse.core.runtime [26]
         Unresolved requirement: Require-Capability: osgi.ee; filter:="(&(osgi.ee=JavaSE)(version=11))"
         Unresolved requirement: Require-Bundle: org.eclipse.core.contenttype; bundle-version="[3.8.0,4.0.0)"; visibility:="reexport"
           -> Bundle-SymbolicName: org.eclipse.core.contenttype; bundle-version="3.8.200.v20220817-1539"; singleton:="true"
              org.eclipse.core.contenttype [18]
                Unresolved requirement: Require-Bundle: org.eclipse.equinox.preferences; bundle-version="[3.2.0,4.0.0)"
                  -> Bundle-SymbolicName: org.eclipse.equinox.preferences; bundle-version="3.10.100.v20220710-1223"; singleton:="true"
                     org.eclipse.equinox.preferences [35]
                       Unresolved requirement: Require-Bundle: org.eclipse.equinox.common; bundle-version="[3.2.0,4.0.0)"
                         -> Bundle-SymbolicName: org.eclipse.equinox.common; bundle-version="3.17.0.v20221006-0914"; singleton:="true"
                            org.eclipse.equinox.common [30]
                              Unresolved requirement: Require-Capability: osgi.ee; filter:="(&(osgi.ee=JavaSE)(version=11))"
         Unresolved requirement: Require-Bundle: org.eclipse.equinox.registry; bundle-version="[3.11.0,4.0.0)"; visibility:="reexport"
           -> Bundle-SymbolicName: org.eclipse.equinox.registry; bundle-version="3.11.200.v20220817-1601"; singleton:="true"
              org.eclipse.equinox.registry [36]
                Unresolved requirement: Require-Bundle: org.eclipse.equinox.common; bundle-version="[3.15.100,4.0.0)"
                  -> Bundle-SymbolicName: org.eclipse.equinox.common; bundle-version="3.17.0.v20221006-0914"; singleton:="true"
                Unresolved requirement: Import-Package: org.eclipse.core.runtime.jobs; resolution:="optional"
                  -> Export-Package: org.eclipse.core.runtime.jobs; bundle-symbolic-name="org.eclipse.core.jobs"; bundle-version="3.13.200.v20221027-1557"; version="0.0.0"
                     org.eclipse.core.jobs [22]
                       Unresolved requirement: Require-Bundle: org.eclipse.equinox.common; bundle-version="[3.8.0,4.0.0)"
                         -> Bundle-SymbolicName: org.eclipse.equinox.common; bundle-version="3.17.0.v20221006-0914"; singleton:="true"
         Unresolved requirement: Require-Bundle: org.eclipse.equinox.preferences; bundle-version="[3.10.0,4.0.0)"; visibility:="reexport"
           -> Bundle-SymbolicName: org.eclipse.equinox.preferences; bundle-version="3.10.100.v20220710-1223"; singleton:="true"
         Unresolved requirement: Require-Bundle: org.eclipse.equinox.common; bundle-version="3.16.0"; visibility:="reexport"
           -> Bundle-SymbolicName: org.eclipse.equinox.common; bundle-version="3.17.0.v20221006-0914"; singleton:="true"
         Unresolved requirement: Require-Bundle: org.eclipse.equinox.app; bundle-version="1.6.0"; visibility:="reexport"
           -> Bundle-SymbolicName: org.eclipse.equinox.app; bundle-version="1.6.200.v20220720-2012"; singleton:="true"
              org.eclipse.equinox.app [29]
                Unresolved requirement: Require-Bundle: org.eclipse.equinox.registry; bundle-version="[3.4.0,4.0.0)"
                  -> Bundle-SymbolicName: org.eclipse.equinox.registry; bundle-version="3.11.200.v20220817-1601"; singleton:="true"
         Unresolved requirement: Require-Bundle: org.eclipse.core.jobs; bundle-version="[3.13.0,4.0.0)"; visibility:="reexport"
           -> Bundle-SymbolicName: org.eclipse.core.jobs; bundle-version="3.13.200.v20221027-1557"; singleton:="true"

	at org.eclipse.osgi.container.Module.start(Module.java:463)
	at org.eclipse.osgi.container.ModuleContainer$ContainerStartLevel$2.run(ModuleContainer.java:1852)
	at org.eclipse.osgi.internal.framework.EquinoxContainerAdaptor$1$1.execute(EquinoxContainerAdaptor.java:136)
	at org.eclipse.osgi.container.ModuleContainer$ContainerStartLevel.incStartLevel(ModuleContainer.java:1845)
	at org.eclipse.osgi.container.ModuleContainer$ContainerStartLevel.incStartLevel(ModuleContainer.java:1786)
	at org.eclipse.osgi.container.ModuleContainer$ContainerStartLevel.doContainerStartLevel(ModuleContainer.java:1750)
	at org.eclipse.osgi.container.ModuleContainer$ContainerStartLevel.dispatchEvent(ModuleContainer.java:1672)
	at org.eclipse.osgi.container.ModuleContainer$ContainerStartLevel.dispatchEvent(ModuleContainer.java:1)
	at org.eclipse.osgi.framework.eventmgr.EventManager.dispatchEvent(EventManager.java:234)
	at org.eclipse.osgi.framework.eventmgr.EventManager$EventThread.run(EventManager.java:345)

!ENTRY org.eclipse.core.contenttype 4 0 2022-12-22 16:58:07.389
!MESSAGE FrameworkEvent ERROR
!STACK 0
org.osgi.framework.BundleException: Could not resolve module: org.eclipse.core.contenttype [18]
  Unresolved requirement: Require-Bundle: org.eclipse.equinox.preferences; bundle-version="[3.2.0,4.0.0)"
    -> Bundle-SymbolicName: org.eclipse.equinox.preferences; bundle-version="3.10.100.v20220710-1223"; singleton:="true"
       org.eclipse.equinox.preferences [35]
         Unresolved requirement: Require-Capability: osgi.ee; filter:="(&(osgi.ee=JavaSE)(version=11))"
         Unresolved requirement: Require-Bundle: org.eclipse.equinox.registry; bundle-version="[3.2.0,4.0.0)"; resolution:="optional"
           -> Bundle-SymbolicName: org.eclipse.equinox.registry; bundle-version="3.11.200.v20220817-1601"; singleton:="true"
              org.eclipse.equinox.registry [36]
                Unresolved requirement: Require-Bundle: org.eclipse.equinox.common; bundle-version="[3.15.100,4.0.0)"
                  -> Bundle-SymbolicName: org.eclipse.equinox.common; bundle-version="3.17.0.v20221006-0914"; singleton:="true"
                     org.eclipse.equinox.common [30]
                       Unresolved requirement: Require-Capability: osgi.ee; filter:="(&(osgi.ee=JavaSE)(version=11))"
                Unresolved requirement: Import-Package: org.eclipse.core.runtime.jobs; resolution:="optional"
                  -> Export-Package: org.eclipse.core.runtime.jobs; bundle-symbolic-name="org.eclipse.core.jobs"; bundle-version="3.13.200.v20221027-1557"; version="0.0.0"
                     org.eclipse.core.jobs [22]
                       Unresolved requirement: Require-Bundle: org.eclipse.equinox.common; bundle-version="[3.8.0,4.0.0)"
                         -> Bundle-SymbolicName: org.eclipse.equinox.common; bundle-version="3.17.0.v20221006-0914"; singleton:="true"
         Unresolved requirement: Require-Bundle: org.eclipse.equinox.common; bundle-version="[3.2.0,4.0.0)"
           -> Bundle-SymbolicName: org.eclipse.equinox.common; bundle-version="3.17.0.v20221006-0914"; singleton:="true"
  Unresolved requirement: Require-Bundle: org.eclipse.equinox.registry; bundle-version="[3.2.0,4.0.0)"
    -> Bundle-SymbolicName: org.eclipse.equinox.registry; bundle-version="3.11.200.v20220817-1601"; singleton:="true"

	at org.eclipse.osgi.container.Module.start(Module.java:463)
	at org.eclipse.osgi.container.ModuleContainer$ContainerStartLevel$2.run(ModuleContainer.java:1852)
	at org.eclipse.osgi.internal.framework.EquinoxContainerAdaptor$1$1.execute(EquinoxContainerAdaptor.java:136)
	at org.eclipse.osgi.container.ModuleContainer$ContainerStartLevel.incStartLevel(ModuleContainer.java:1845)
	at org.eclipse.osgi.container.ModuleContainer$ContainerStartLevel.incStartLevel(ModuleContainer.java:1786)
	at org.eclipse.osgi.container.ModuleContainer$ContainerStartLevel.doContainerStartLevel(ModuleContainer.java:1750)
	at org.eclipse.osgi.container.ModuleContainer$ContainerStartLevel.dispatchEvent(ModuleContainer.java:1672)
	at org.eclipse.osgi.container.ModuleContainer$ContainerStartLevel.dispatchEvent(ModuleContainer.java:1)
	at org.eclipse.osgi.framework.eventmgr.EventManager.dispatchEvent(EventManager.java:234)
	at org.eclipse.osgi.framework.eventmgr.EventManager$EventThread.run(EventManager.java:345)

!ENTRY org.eclipse.core.expressions 4 0 2022-12-22 16:58:07.390
!MESSAGE FrameworkEvent ERROR
!STACK 0
org.osgi.framework.BundleException: Could not resolve module: org.eclipse.core.expressions [19]
  Unresolved requirement: Require-Capability: osgi.ee; filter:="(&(osgi.ee=JavaSE)(version=11))"
  Unresolved requirement: Require-Bundle: org.eclipse.core.runtime; bundle-version="[3.3.0,4.0.0)"
    -> Bundle-SymbolicName: org.eclipse.core.runtime; bundle-version="3.26.100.v20221021-0005"; singleton:="true"
       org.eclipse.core.runtime [26]
         Unresolved requirement: Require-Capability: osgi.ee; filter:="(&(osgi.ee=JavaSE)(version=11))"
         Unresolved requirement: Require-Bundle: org.eclipse.core.contenttype; bundle-version="[3.8.0,4.0.0)"; visibility:="reexport"
           -> Bundle-SymbolicName: org.eclipse.core.contenttype; bundle-version="3.8.200.v20220817-1539"; singleton:="true"
              org.eclipse.core.contenttype [18]
                Unresolved requirement: Require-Bundle: org.eclipse.equinox.preferences; bundle-version="[3.2.0,4.0.0)"
                  -> Bundle-SymbolicName: org.eclipse.equinox.preferences; bundle-version="3.10.100.v20220710-1223"; singleton:="true"
                     org.eclipse.equinox.preferences [35]
                       Unresolved requirement: Require-Bundle: org.eclipse.equinox.common; bundle-version="[3.2.0,4.0.0)"
                         -> Bundle-SymbolicName: org.eclipse.equinox.common; bundle-version="3.17.0.v20221006-0914"; singleton:="true"
                            org.eclipse.equinox.common [30]
                              Unresolved requirement: Require-Capability: osgi.ee; filter:="(&(osgi.ee=JavaSE)(version=11))"
         Unresolved requirement: Require-Bundle: org.eclipse.equinox.registry; bundle-version="[3.11.0,4.0.0)"; visibility:="reexport"
           -> Bundle-SymbolicName: org.eclipse.equinox.registry; bundle-version="3.11.200.v20220817-1601"; singleton:="true"
              org.eclipse.equinox.registry [36]
                Unresolved requirement: Require-Bundle: org.eclipse.equinox.common; bundle-version="[3.15.100,4.0.0)"
                  -> Bundle-SymbolicName: org.eclipse.equinox.common; bundle-version="3.17.0.v20221006-0914"; singleton:="true"
                Unresolved requirement: Import-Package: org.eclipse.core.runtime.jobs; resolution:="optional"
                  -> Export-Package: org.eclipse.core.runtime.jobs; bundle-symbolic-name="org.eclipse.core.jobs"; bundle-version="3.13.200.v20221027-1557"; version="0.0.0"
                     org.eclipse.core.jobs [22]
                       Unresolved requirement: Require-Bundle: org.eclipse.equinox.common; bundle-version="[3.8.0,4.0.0)"
                         -> Bundle-SymbolicName: org.eclipse.equinox.common; bundle-version="3.17.0.v20221006-0914"; singleton:="true"
         Unresolved requirement: Require-Bundle: org.eclipse.equinox.preferences; bundle-version="[3.10.0,4.0.0)"; visibility:="reexport"
           -> Bundle-SymbolicName: org.eclipse.equinox.preferences; bundle-version="3.10.100.v20220710-1223"; singleton:="true"
         Unresolved requirement: Require-Bundle: org.eclipse.equinox.common; bundle-version="3.16.0"; visibility:="reexport"
           -> Bundle-SymbolicName: org.eclipse.equinox.common; bundle-version="3.17.0.v20221006-0914"; singleton:="true"
         Unresolved requirement: Require-Bundle: org.eclipse.equinox.app; bundle-version="1.6.0"; visibility:="reexport"
           -> Bundle-SymbolicName: org.eclipse.equinox.app; bundle-version="1.6.200.v20220720-2012"; singleton:="true"
              org.eclipse.equinox.app [29]
                Unresolved requirement: Require-Bundle: org.eclipse.equinox.registry; bundle-version="[3.4.0,4.0.0)"
                  -> Bundle-SymbolicName: org.eclipse.equinox.registry; bundle-version="3.11.200.v20220817-1601"; singleton:="true"
         Unresolved requirement: Require-Bundle: org.eclipse.core.jobs; bundle-version="[3.13.0,4.0.0)"; visibility:="reexport"
           -> Bundle-SymbolicName: org.eclipse.core.jobs; bundle-version="3.13.200.v20221027-1557"; singleton:="true"

	at org.eclipse.osgi.container.Module.start(Module.java:463)
	at org.eclipse.osgi.container.ModuleContainer$ContainerStartLevel$2.run(ModuleContainer.java:1852)
	at org.eclipse.osgi.internal.framework.EquinoxContainerAdaptor$1$1.execute(EquinoxContainerAdaptor.java:136)
	at org.eclipse.osgi.container.ModuleContainer$ContainerStartLevel.incStartLevel(ModuleContainer.java:1845)
	at org.eclipse.osgi.container.ModuleContainer$ContainerStartLevel.incStartLevel(ModuleContainer.java:1786)
	at org.eclipse.osgi.container.ModuleContainer$ContainerStartLevel.doContainerStartLevel(ModuleContainer.java:1750)
	at org.eclipse.osgi.container.ModuleContainer$ContainerStartLevel.dispatchEvent(ModuleContainer.java:1672)
	at org.eclipse.osgi.container.ModuleContainer$ContainerStartLevel.dispatchEvent(ModuleContainer.java:1)
	at org.eclipse.osgi.framework.eventmgr.EventManager.dispatchEvent(EventManager.java:234)
	at org.eclipse.osgi.framework.eventmgr.EventManager$EventThread.run(EventManager.java:345)

!ENTRY org.eclipse.core.filesystem 4 0 2022-12-22 16:58:07.392
!MESSAGE FrameworkEvent ERROR
!STACK 0
org.osgi.framework.BundleException: Could not resolve module: org.eclipse.core.filesystem [21]
  Unresolved requirement: Require-Capability: osgi.ee; filter:="(&(osgi.ee=JavaSE)(version=11))"
  Unresolved requirement: Require-Bundle: org.eclipse.equinox.registry; bundle-version="[3.2.0,4.0.0)"
    -> Bundle-SymbolicName: org.eclipse.equinox.registry; bundle-version="3.11.200.v20220817-1601"; singleton:="true"
       org.eclipse.equinox.registry [36]
         Unresolved requirement: Require-Bundle: org.eclipse.equinox.common; bundle-version="[3.15.100,4.0.0)"
           -> Bundle-SymbolicName: org.eclipse.equinox.common; bundle-version="3.17.0.v20221006-0914"; singleton:="true"
              org.eclipse.equinox.common [30]
                Unresolved requirement: Require-Capability: osgi.ee; filter:="(&(osgi.ee=JavaSE)(version=11))"
         Unresolved requirement: Import-Package: org.eclipse.core.runtime.jobs; resolution:="optional"
           -> Export-Package: org.eclipse.core.runtime.jobs; bundle-symbolic-name="org.eclipse.core.jobs"; bundle-version="3.13.200.v20221027-1557"; version="0.0.0"
              org.eclipse.core.jobs [22]
                Unresolved requirement: Require-Bundle: org.eclipse.equinox.common; bundle-version="[3.8.0,4.0.0)"
                  -> Bundle-SymbolicName: org.eclipse.equinox.common; bundle-version="3.17.0.v20221006-0914"; singleton:="true"
  Unresolved requirement: Require-Bundle: org.eclipse.equinox.common; bundle-version="[3.2.0,4.0.0)"
    -> Bundle-SymbolicName: org.eclipse.equinox.common; bundle-version="3.17.0.v20221006-0914"; singleton:="true"

	at org.eclipse.osgi.container.Module.start(Module.java:463)
	at org.eclipse.osgi.container.ModuleContainer$ContainerStartLevel$2.run(ModuleContainer.java:1852)
	at org.eclipse.osgi.internal.framework.EquinoxContainerAdaptor$1$1.execute(EquinoxContainerAdaptor.java:136)
	at org.eclipse.osgi.container.ModuleContainer$ContainerStartLevel.incStartLevel(ModuleContainer.java:1845)
	at org.eclipse.osgi.container.ModuleContainer$ContainerStartLevel.incStartLevel(ModuleContainer.java:1786)
	at org.eclipse.osgi.container.ModuleContainer$ContainerStartLevel.doContainerStartLevel(ModuleContainer.java:1750)
	at org.eclipse.osgi.container.ModuleContainer$ContainerStartLevel.dispatchEvent(ModuleContainer.java:1672)
	at org.eclipse.osgi.container.ModuleContainer$ContainerStartLevel.dispatchEvent(ModuleContainer.java:1)
	at org.eclipse.osgi.framework.eventmgr.EventManager.dispatchEvent(EventManager.java:234)
	at org.eclipse.osgi.framework.eventmgr.EventManager$EventThread.run(EventManager.java:345)

!ENTRY org.eclipse.core.jobs 4 0 2022-12-22 16:58:07.393
!MESSAGE FrameworkEvent ERROR
!STACK 0
org.osgi.framework.BundleException: Could not resolve module: org.eclipse.core.jobs [22]
  Unresolved requirement: Require-Capability: osgi.ee; filter:="(&(osgi.ee=JavaSE)(version=11))"
  Unresolved requirement: Require-Bundle: org.eclipse.equinox.common; bundle-version="[3.8.0,4.0.0)"
    -> Bundle-SymbolicName: org.eclipse.equinox.common; bundle-version="3.17.0.v20221006-0914"; singleton:="true"
       org.eclipse.equinox.common [30]
         Unresolved requirement: Require-Capability: osgi.ee; filter:="(&(osgi.ee=JavaSE)(version=11))"

	at org.eclipse.osgi.container.Module.start(Module.java:463)
	at org.eclipse.osgi.container.ModuleContainer$ContainerStartLevel$2.run(ModuleContainer.java:1852)
	at org.eclipse.osgi.internal.framework.EquinoxContainerAdaptor$1$1.execute(EquinoxContainerAdaptor.java:136)
	at org.eclipse.osgi.container.ModuleContainer$ContainerStartLevel.incStartLevel(ModuleContainer.java:1845)
	at org.eclipse.osgi.container.ModuleContainer$ContainerStartLevel.incStartLevel(ModuleContainer.java:1786)
	at org.eclipse.osgi.container.ModuleContainer$ContainerStartLevel.doContainerStartLevel(ModuleContainer.java:1750)
	at org.eclipse.osgi.container.ModuleContainer$ContainerStartLevel.dispatchEvent(ModuleContainer.java:1672)
	at org.eclipse.osgi.container.ModuleContainer$ContainerStartLevel.dispatchEvent(ModuleContainer.java:1)
	at org.eclipse.osgi.framework.eventmgr.EventManager.dispatchEvent(EventManager.java:234)
	at org.eclipse.osgi.framework.eventmgr.EventManager$EventThread.run(EventManager.java:345)

!ENTRY org.eclipse.core.net 4 0 2022-12-22 16:58:07.395
!MESSAGE FrameworkEvent ERROR
!STACK 0
org.osgi.framework.BundleException: Could not resolve module: org.eclipse.core.net [23]
  Unresolved requirement: Require-Bundle: org.eclipse.equinox.security; bundle-version="[1.0.0,2.0.0)"
    -> Bundle-SymbolicName: org.eclipse.equinox.security; bundle-version="1.3.1000.v20220801-1135"; singleton:="true"
       org.eclipse.equinox.security [37]
         Unresolved requirement: Import-Package: org.eclipse.core.runtime.jobs
           -> Export-Package: org.eclipse.core.runtime.jobs; bundle-symbolic-name="org.eclipse.core.jobs"; bundle-version="3.13.200.v20221027-1557"; version="0.0.0"
              org.eclipse.core.jobs [22]
                Unresolved requirement: Require-Bundle: org.eclipse.equinox.common; bundle-version="[3.8.0,4.0.0)"
                  -> Bundle-SymbolicName: org.eclipse.equinox.common; bundle-version="3.17.0.v20221006-0914"; singleton:="true"
                     org.eclipse.equinox.common [30]
                       Unresolved requirement: Require-Capability: osgi.ee; filter:="(&(osgi.ee=JavaSE)(version=11))"
         Unresolved requirement: Import-Package: org.eclipse.core.internal.runtime; common="split"
           -> Export-Package: org.eclipse.core.internal.runtime; bundle-symbolic-name="org.eclipse.equinox.common"; common="split"; bundle-version="3.17.0.v20221006-0914"; version="0.0.0"; x-friends:="org.eclipse.core.contenttype,  org.eclipse.core.jobs,  org.eclipse.equinox.preferences,  org.eclipse.equinox.registry,  org.eclipse.core.runtime,  org.eclipse.core.runtime.compatibility,  org.eclipse.core.filesystem,  org.eclipse.equinox.security"; mandatory:="common"
         Unresolved requirement: Import-Package: org.eclipse.core.runtime; registry="split"
           -> Export-Package: org.eclipse.core.runtime; registry="split"; bundle-symbolic-name="org.eclipse.equinox.registry"; bundle-version="3.11.200.v20220817-1601"; version="3.7.0"; mandatory:="registry"
              org.eclipse.equinox.registry [36]
                Unresolved requirement: Require-Bundle: org.eclipse.equinox.common; bundle-version="[3.15.100,4.0.0)"
                  -> Bundle-SymbolicName: org.eclipse.equinox.common; bundle-version="3.17.0.v20221006-0914"; singleton:="true"
                Unresolved requirement: Import-Package: org.eclipse.core.runtime.jobs; resolution:="optional"
                  -> Export-Package: org.eclipse.core.runtime.jobs; bundle-symbolic-name="org.eclipse.core.jobs"; bundle-version="3.13.200.v20221027-1557"; version="0.0.0"
  Unresolved requirement: Require-Bundle: org.eclipse.equinox.common; bundle-version="3.12.0"
    -> Bundle-SymbolicName: org.eclipse.equinox.common; bundle-version="3.17.0.v20221006-0914"; singleton:="true"

	at org.eclipse.osgi.container.Module.start(Module.java:463)
	at org.eclipse.osgi.container.ModuleContainer$ContainerStartLevel$2.run(ModuleContainer.java:1852)
	at org.eclipse.osgi.internal.framework.EquinoxContainerAdaptor$1$1.execute(EquinoxContainerAdaptor.java:136)
	at org.eclipse.osgi.container.ModuleContainer$ContainerStartLevel.incStartLevel(ModuleContainer.java:1845)
	at org.eclipse.osgi.container.ModuleContainer$ContainerStartLevel.incStartLevel(ModuleContainer.java:1786)
	at org.eclipse.osgi.container.ModuleContainer$ContainerStartLevel.doContainerStartLevel(ModuleContainer.java:1750)
	at org.eclipse.osgi.container.ModuleContainer$ContainerStartLevel.dispatchEvent(ModuleContainer.java:1672)
	at org.eclipse.osgi.container.ModuleContainer$ContainerStartLevel.dispatchEvent(ModuleContainer.java:1)
	at org.eclipse.osgi.framework.eventmgr.EventManager.dispatchEvent(EventManager.java:234)
	at org.eclipse.osgi.framework.eventmgr.EventManager$EventThread.run(EventManager.java:345)

!ENTRY org.eclipse.core.resources 4 0 2022-12-22 16:58:07.397
!MESSAGE FrameworkEvent ERROR
!STACK 0
org.osgi.framework.BundleException: Could not resolve module: org.eclipse.core.resources [25]
  Unresolved requirement: Require-Bundle: org.eclipse.ant.core; bundle-version="[3.1.0,4.0.0)"; resolution:="optional"
    -> Bundle-SymbolicName: org.eclipse.ant.core; bundle-version="3.6.500.v20220718-1722"; singleton:="true"
       org.eclipse.ant.core [13]
         Unresolved requirement: Require-Bundle: org.eclipse.core.variables; bundle-version="[3.1.0,4.0.0)"
           -> Bundle-SymbolicName: org.eclipse.core.variables; bundle-version="3.5.100.v20210721-1355"; singleton:="true"
              org.eclipse.core.variables [27]
                Unresolved requirement: Require-Capability: osgi.ee; filter:="(&(osgi.ee=JavaSE)(version=11))"
                Unresolved requirement: Require-Bundle: org.eclipse.core.runtime; bundle-version="[3.3.0,4.0.0)"
                  -> Bundle-SymbolicName: org.eclipse.core.runtime; bundle-version="3.26.100.v20221021-0005"; singleton:="true"
                     org.eclipse.core.runtime [26]
                       Unresolved requirement: Require-Capability: osgi.ee; filter:="(&(osgi.ee=JavaSE)(version=11))"
                       Unresolved requirement: Require-Bundle: org.eclipse.core.contenttype; bundle-version="[3.8.0,4.0.0)"; visibility:="reexport"
                         -> Bundle-SymbolicName: org.eclipse.core.contenttype; bundle-version="3.8.200.v20220817-1539"; singleton:="true"
                            org.eclipse.core.contenttype [18]
                              Unresolved requirement: Require-Bundle: org.eclipse.equinox.preferences; bundle-version="[3.2.0,4.0.0)"
                                -> Bundle-SymbolicName: org.eclipse.equinox.preferences; bundle-version="3.10.100.v20220710-1223"; singleton:="true"
                                   org.eclipse.equinox.preferences [35]
                                     Unresolved requirement: Require-Bundle: org.eclipse.equinox.common; bundle-version="[3.2.0,4.0.0)"
                                       -> Bundle-SymbolicName: org.eclipse.equinox.common; bundle-version="3.17.0.v20221006-0914"; singleton:="true"
                                          org.eclipse.equinox.common [30]
                                            Unresolved requirement: Require-Capability: osgi.ee; filter:="(&(osgi.ee=JavaSE)(version=11))"
                       Unresolved requirement: Require-Bundle: org.eclipse.equinox.registry; bundle-version="[3.11.0,4.0.0)"; visibility:="reexport"
                         -> Bundle-SymbolicName: org.eclipse.equinox.registry; bundle-version="3.11.200.v20220817-1601"; singleton:="true"
                            org.eclipse.equinox.registry [36]
                              Unresolved requirement: Require-Bundle: org.eclipse.equinox.common; bundle-version="[3.15.100,4.0.0)"
                                -> Bundle-SymbolicName: org.eclipse.equinox.common; bundle-version="3.17.0.v20221006-0914"; singleton:="true"
                              Unresolved requirement: Import-Package: org.eclipse.core.runtime.jobs; resolution:="optional"
                                -> Export-Package: org.eclipse.core.runtime.jobs; bundle-symbolic-name="org.eclipse.core.jobs"; bundle-version="3.13.200.v20221027-1557"; version="0.0.0"
                                   org.eclipse.core.jobs [22]
                                     Unresolved requirement: Require-Bundle: org.eclipse.equinox.common; bundle-version="[3.8.0,4.0.0)"
                                       -> Bundle-SymbolicName: org.eclipse.equinox.common; bundle-version="3.17.0.v20221006-0914"; singleton:="true"
                       Unresolved requirement: Require-Bundle: org.eclipse.equinox.preferences; bundle-version="[3.10.0,4.0.0)"; visibility:="reexport"
                         -> Bundle-SymbolicName: org.eclipse.equinox.preferences; bundle-version="3.10.100.v20220710-1223"; singleton:="true"
                       Unresolved requirement: Require-Bundle: org.eclipse.equinox.common; bundle-version="3.16.0"; visibility:="reexport"
                         -> Bundle-SymbolicName: org.eclipse.equinox.common; bundle-version="3.17.0.v20221006-0914"; singleton:="true"
                       Unresolved requirement: Require-Bundle: org.eclipse.equinox.app; bundle-version="1.6.0"; visibility:="reexport"
                         -> Bundle-SymbolicName: org.eclipse.equinox.app; bundle-version="1.6.200.v20220720-2012"; singleton:="true"
                            org.eclipse.equinox.app [29]
                              Unresolved requirement: Require-Bundle: org.eclipse.equinox.registry; bundle-version="[3.4.0,4.0.0)"
                                -> Bundle-SymbolicName: org.eclipse.equinox.registry; bundle-version="3.11.200.v20220817-1601"; singleton:="true"
                       Unresolved requirement: Require-Bundle: org.eclipse.core.jobs; bundle-version="[3.13.0,4.0.0)"; visibility:="reexport"
                         -> Bundle-SymbolicName: org.eclipse.core.jobs; bundle-version="3.13.200.v20221027-1557"; singleton:="true"
         Unresolved requirement: Require-Bundle: org.eclipse.core.runtime; bundle-version="[3.25.0,4.0.0)"
           -> Bundle-SymbolicName: org.eclipse.core.runtime; bundle-version="3.26.100.v20221021-0005"; singleton:="true"
  Unresolved requirement: Require-Bundle: org.eclipse.core.expressions; bundle-version="[3.2.0,4.0.0)"
    -> Bundle-SymbolicName: org.eclipse.core.expressions; bundle-version="3.8.200.v20220613-1047"; singleton:="true"
       org.eclipse.core.expressions [19]
         Unresolved requirement: Require-Bundle: org.eclipse.core.runtime; bundle-version="[3.3.0,4.0.0)"
           -> Bundle-SymbolicName: org.eclipse.core.runtime; bundle-version="3.26.100.v20221021-0005"; singleton:="true"
  Unresolved requirement: Require-Bundle: org.eclipse.core.runtime; bundle-version="[3.26.0,4.0.0)"
    -> Bundle-SymbolicName: org.eclipse.core.runtime; bundle-version="3.26.100.v20221021-0005"; singleton:="true"
  Unresolved requirement: Require-Bundle: org.eclipse.core.filesystem; bundle-version="[1.3.0,2.0.0)"
    -> Bundle-SymbolicName: org.eclipse.core.filesystem; bundle-version="1.9.500.v20220817-1539"; singleton:="true"
       org.eclipse.core.filesystem [21]
         Unresolved requirement: Require-Bundle: org.eclipse.equinox.common; bundle-version="[3.2.0,4.0.0)"
           -> Bundle-SymbolicName: org.eclipse.equinox.common; bundle-version="3.17.0.v20221006-0914"; singleton:="true"

	at org.eclipse.osgi.container.Module.start(Module.java:463)
	at org.eclipse.osgi.container.ModuleContainer$ContainerStartLevel$2.run(ModuleContainer.java:1852)
	at org.eclipse.osgi.internal.framework.EquinoxContainerAdaptor$1$1.execute(EquinoxContainerAdaptor.java:136)
	at org.eclipse.osgi.container.ModuleContainer$ContainerStartLevel.incStartLevel(ModuleContainer.java:1845)
	at org.eclipse.osgi.container.ModuleContainer$ContainerStartLevel.incStartLevel(ModuleContainer.java:1786)
	at org.eclipse.osgi.container.ModuleContainer$ContainerStartLevel.doContainerStartLevel(ModuleContainer.java:1750)
	at org.eclipse.osgi.container.ModuleContainer$ContainerStartLevel.dispatchEvent(ModuleContainer.java:1672)
	at org.eclipse.osgi.container.ModuleContainer$ContainerStartLevel.dispatchEvent(ModuleContainer.java:1)
	at org.eclipse.osgi.framework.eventmgr.EventManager.dispatchEvent(EventManager.java:234)
	at org.eclipse.osgi.framework.eventmgr.EventManager$EventThread.run(EventManager.java:345)

!ENTRY org.eclipse.core.variables 4 0 2022-12-22 16:58:07.398
!MESSAGE FrameworkEvent ERROR
!STACK 0
org.osgi.framework.BundleException: Could not resolve module: org.eclipse.core.variables [27]
  Unresolved requirement: Require-Capability: osgi.ee; filter:="(&(osgi.ee=JavaSE)(version=11))"
  Unresolved requirement: Require-Bundle: org.eclipse.core.runtime; bundle-version="[3.3.0,4.0.0)"
    -> Bundle-SymbolicName: org.eclipse.core.runtime; bundle-version="3.26.100.v20221021-0005"; singleton:="true"
       org.eclipse.core.runtime [26]
         Unresolved requirement: Require-Capability: osgi.ee; filter:="(&(osgi.ee=JavaSE)(version=11))"
         Unresolved requirement: Require-Bundle: org.eclipse.core.contenttype; bundle-version="[3.8.0,4.0.0)"; visibility:="reexport"
           -> Bundle-SymbolicName: org.eclipse.core.contenttype; bundle-version="3.8.200.v20220817-1539"; singleton:="true"
              org.eclipse.core.contenttype [18]
                Unresolved requirement: Require-Bundle: org.eclipse.equinox.preferences; bundle-version="[3.2.0,4.0.0)"
                  -> Bundle-SymbolicName: org.eclipse.equinox.preferences; bundle-version="3.10.100.v20220710-1223"; singleton:="true"
                     org.eclipse.equinox.preferences [35]
                       Unresolved requirement: Require-Bundle: org.eclipse.equinox.common; bundle-version="[3.2.0,4.0.0)"
                         -> Bundle-SymbolicName: org.eclipse.equinox.common; bundle-version="3.17.0.v20221006-0914"; singleton:="true"
                            org.eclipse.equinox.common [30]
                              Unresolved requirement: Require-Capability: osgi.ee; filter:="(&(osgi.ee=JavaSE)(version=11))"
         Unresolved requirement: Require-Bundle: org.eclipse.equinox.registry; bundle-version="[3.11.0,4.0.0)"; visibility:="reexport"
           -> Bundle-SymbolicName: org.eclipse.equinox.registry; bundle-version="3.11.200.v20220817-1601"; singleton:="true"
              org.eclipse.equinox.registry [36]
                Unresolved requirement: Require-Bundle: org.eclipse.equinox.common; bundle-version="[3.15.100,4.0.0)"
                  -> Bundle-SymbolicName: org.eclipse.equinox.common; bundle-version="3.17.0.v20221006-0914"; singleton:="true"
                Unresolved requirement: Import-Package: org.eclipse.core.runtime.jobs; resolution:="optional"
                  -> Export-Package: org.eclipse.core.runtime.jobs; bundle-symbolic-name="org.eclipse.core.jobs"; bundle-version="3.13.200.v20221027-1557"; version="0.0.0"
                     org.eclipse.core.jobs [22]
                       Unresolved requirement: Require-Bundle: org.eclipse.equinox.common; bundle-version="[3.8.0,4.0.0)"
                         -> Bundle-SymbolicName: org.eclipse.equinox.common; bundle-version="3.17.0.v20221006-0914"; singleton:="true"
         Unresolved requirement: Require-Bundle: org.eclipse.equinox.preferences; bundle-version="[3.10.0,4.0.0)"; visibility:="reexport"
           -> Bundle-SymbolicName: org.eclipse.equinox.preferences; bundle-version="3.10.100.v20220710-1223"; singleton:="true"
         Unresolved requirement: Require-Bundle: org.eclipse.equinox.common; bundle-version="3.16.0"; visibility:="reexport"
           -> Bundle-SymbolicName: org.eclipse.equinox.common; bundle-version="3.17.0.v20221006-0914"; singleton:="true"
         Unresolved requirement: Require-Bundle: org.eclipse.equinox.app; bundle-version="1.6.0"; visibility:="reexport"
           -> Bundle-SymbolicName: org.eclipse.equinox.app; bundle-version="1.6.200.v20220720-2012"; singleton:="true"
              org.eclipse.equinox.app [29]
                Unresolved requirement: Require-Bundle: org.eclipse.equinox.registry; bundle-version="[3.4.0,4.0.0)"
                  -> Bundle-SymbolicName: org.eclipse.equinox.registry; bundle-version="3.11.200.v20220817-1601"; singleton:="true"
         Unresolved requirement: Require-Bundle: org.eclipse.core.jobs; bundle-version="[3.13.0,4.0.0)"; visibility:="reexport"
           -> Bundle-SymbolicName: org.eclipse.core.jobs; bundle-version="3.13.200.v20221027-1557"; singleton:="true"

	at org.eclipse.osgi.container.Module.start(Module.java:463)
	at org.eclipse.osgi.container.ModuleContainer$ContainerStartLevel$2.run(ModuleContainer.java:1852)
	at org.eclipse.osgi.internal.framework.EquinoxContainerAdaptor$1$1.execute(EquinoxContainerAdaptor.java:136)
	at org.eclipse.osgi.container.ModuleContainer$ContainerStartLevel.incStartLevel(ModuleContainer.java:1845)
	at org.eclipse.osgi.container.ModuleContainer$ContainerStartLevel.incStartLevel(ModuleContainer.java:1786)
	at org.eclipse.osgi.container.ModuleContainer$ContainerStartLevel.doContainerStartLevel(ModuleContainer.java:1750)
	at org.eclipse.osgi.container.ModuleContainer$ContainerStartLevel.dispatchEvent(ModuleContainer.java:1672)
	at org.eclipse.osgi.container.ModuleContainer$ContainerStartLevel.dispatchEvent(ModuleContainer.java:1)
	at org.eclipse.osgi.framework.eventmgr.EventManager.dispatchEvent(EventManager.java:234)
	at org.eclipse.osgi.framework.eventmgr.EventManager$EventThread.run(EventManager.java:345)

!ENTRY org.eclipse.debug.core 4 0 2022-12-22 16:58:07.400
!MESSAGE FrameworkEvent ERROR
!STACK 0
org.osgi.framework.BundleException: Could not resolve module: org.eclipse.debug.core [28]
  Unresolved requirement: Require-Bundle: org.eclipse.core.resources; bundle-version="[3.18.0,4.0.0)"; visibility:="reexport"
    -> Bundle-SymbolicName: org.eclipse.core.resources; bundle-version="3.18.100.v20221025-2047"; singleton:="true"
       org.eclipse.core.resources [25]
         Unresolved requirement: Require-Bundle: org.eclipse.ant.core; bundle-version="[3.1.0,4.0.0)"; resolution:="optional"
           -> Bundle-SymbolicName: org.eclipse.ant.core; bundle-version="3.6.500.v20220718-1722"; singleton:="true"
              org.eclipse.ant.core [13]
                Unresolved requirement: Require-Bundle: org.eclipse.core.variables; bundle-version="[3.1.0,4.0.0)"
                  -> Bundle-SymbolicName: org.eclipse.core.variables; bundle-version="3.5.100.v20210721-1355"; singleton:="true"
                     org.eclipse.core.variables [27]
                       Unresolved requirement: Require-Capability: osgi.ee; filter:="(&(osgi.ee=JavaSE)(version=11))"
                       Unresolved requirement: Require-Bundle: org.eclipse.core.runtime; bundle-version="[3.3.0,4.0.0)"
                         -> Bundle-SymbolicName: org.eclipse.core.runtime; bundle-version="3.26.100.v20221021-0005"; singleton:="true"
                            org.eclipse.core.runtime [26]
                              Unresolved requirement: Require-Capability: osgi.ee; filter:="(&(osgi.ee=JavaSE)(version=11))"
                              Unresolved requirement: Require-Bundle: org.eclipse.core.contenttype; bundle-version="[3.8.0,4.0.0)"; visibility:="reexport"
                                -> Bundle-SymbolicName: org.eclipse.core.contenttype; bundle-version="3.8.200.v20220817-1539"; singleton:="true"
                                   org.eclipse.core.contenttype [18]
                                     Unresolved requirement: Require-Bundle: org.eclipse.equinox.preferences; bundle-version="[3.2.0,4.0.0)"
                                       -> Bundle-SymbolicName: org.eclipse.equinox.preferences; bundle-version="3.10.100.v20220710-1223"; singleton:="true"
                                          org.eclipse.equinox.preferences [35]
                                            Unresolved requirement: Require-Bundle: org.eclipse.equinox.common; bundle-version="[3.2.0,4.0.0)"
                                              -> Bundle-SymbolicName: org.eclipse.equinox.common; bundle-version="3.17.0.v20221006-0914"; singleton:="true"
                                                 org.eclipse.equinox.common [30]
                                                   Unresolved requirement: Require-Capability: osgi.ee; filter:="(&(osgi.ee=JavaSE)(version=11))"
                              Unresolved requirement: Require-Bundle: org.eclipse.equinox.registry; bundle-version="[3.11.0,4.0.0)"; visibility:="reexport"
                                -> Bundle-SymbolicName: org.eclipse.equinox.registry; bundle-version="3.11.200.v20220817-1601"; singleton:="true"
                                   org.eclipse.equinox.registry [36]
                                     Unresolved requirement: Require-Bundle: org.eclipse.equinox.common; bundle-version="[3.15.100,4.0.0)"
                                       -> Bundle-SymbolicName: org.eclipse.equinox.common; bundle-version="3.17.0.v20221006-0914"; singleton:="true"
                                     Unresolved requirement: Import-Package: org.eclipse.core.runtime.jobs; resolution:="optional"
                                       -> Export-Package: org.eclipse.core.runtime.jobs; bundle-symbolic-name="org.eclipse.core.jobs"; bundle-version="3.13.200.v20221027-1557"; version="0.0.0"
                                          org.eclipse.core.jobs [22]
                                            Unresolved requirement: Require-Bundle: org.eclipse.equinox.common; bundle-version="[3.8.0,4.0.0)"
                                              -> Bundle-SymbolicName: org.eclipse.equinox.common; bundle-version="3.17.0.v20221006-0914"; singleton:="true"
                              Unresolved requirement: Require-Bundle: org.eclipse.equinox.preferences; bundle-version="[3.10.0,4.0.0)"; visibility:="reexport"
                                -> Bundle-SymbolicName: org.eclipse.equinox.preferences; bundle-version="3.10.100.v20220710-1223"; singleton:="true"
                              Unresolved requirement: Require-Bundle: org.eclipse.equinox.common; bundle-version="3.16.0"; visibility:="reexport"
                                -> Bundle-SymbolicName: org.eclipse.equinox.common; bundle-version="3.17.0.v20221006-0914"; singleton:="true"
                              Unresolved requirement: Require-Bundle: org.eclipse.equinox.app; bundle-version="1.6.0"; visibility:="reexport"
                                -> Bundle-SymbolicName: org.eclipse.equinox.app; bundle-version="1.6.200.v20220720-2012"; singleton:="true"
                                   org.eclipse.equinox.app [29]
                                     Unresolved requirement: Require-Bundle: org.eclipse.equinox.registry; bundle-version="[3.4.0,4.0.0)"
                                       -> Bundle-SymbolicName: org.eclipse.equinox.registry; bundle-version="3.11.200.v20220817-1601"; singleton:="true"
                              Unresolved requirement: Require-Bundle: org.eclipse.core.jobs; bundle-version="[3.13.0,4.0.0)"; visibility:="reexport"
                                -> Bundle-SymbolicName: org.eclipse.core.jobs; bundle-version="3.13.200.v20221027-1557"; singleton:="true"
                Unresolved requirement: Require-Bundle: org.eclipse.core.runtime; bundle-version="[3.25.0,4.0.0)"
                  -> Bundle-SymbolicName: org.eclipse.core.runtime; bundle-version="3.26.100.v20221021-0005"; singleton:="true"
         Unresolved requirement: Require-Bundle: org.eclipse.core.expressions; bundle-version="[3.2.0,4.0.0)"
           -> Bundle-SymbolicName: org.eclipse.core.expressions; bundle-version="3.8.200.v20220613-1047"; singleton:="true"
              org.eclipse.core.expressions [19]
                Unresolved requirement: Require-Bundle: org.eclipse.core.runtime; bundle-version="[3.3.0,4.0.0)"
                  -> Bundle-SymbolicName: org.eclipse.core.runtime; bundle-version="3.26.100.v20221021-0005"; singleton:="true"
         Unresolved requirement: Require-Bundle: org.eclipse.core.runtime; bundle-version="[3.26.0,4.0.0)"
           -> Bundle-SymbolicName: org.eclipse.core.runtime; bundle-version="3.26.100.v20221021-0005"; singleton:="true"
         Unresolved requirement: Require-Bundle: org.eclipse.core.filesystem; bundle-version="[1.3.0,2.0.0)"
           -> Bundle-SymbolicName: org.eclipse.core.filesystem; bundle-version="1.9.500.v20220817-1539"; singleton:="true"
              org.eclipse.core.filesystem [21]
                Unresolved requirement: Require-Bundle: org.eclipse.equinox.common; bundle-version="[3.2.0,4.0.0)"
                  -> Bundle-SymbolicName: org.eclipse.equinox.common; bundle-version="3.17.0.v20221006-0914"; singleton:="true"
  Unresolved requirement: Require-Bundle: org.eclipse.core.variables; bundle-version="[3.2.800,4.0.0)"
    -> Bundle-SymbolicName: org.eclipse.core.variables; bundle-version="3.5.100.v20210721-1355"; singleton:="true"

	at org.eclipse.osgi.container.Module.start(Module.java:463)
	at org.eclipse.osgi.container.ModuleContainer$ContainerStartLevel$2.run(ModuleContainer.java:1852)
	at org.eclipse.osgi.internal.framework.EquinoxContainerAdaptor$1$1.execute(EquinoxContainerAdaptor.java:136)
	at org.eclipse.osgi.container.ModuleContainer$ContainerStartLevel.incStartLevel(ModuleContainer.java:1845)
	at org.eclipse.osgi.container.ModuleContainer$ContainerStartLevel.incStartLevel(ModuleContainer.java:1786)
	at org.eclipse.osgi.container.ModuleContainer$ContainerStartLevel.doContainerStartLevel(ModuleContainer.java:1750)
	at org.eclipse.osgi.container.ModuleContainer$ContainerStartLevel.dispatchEvent(ModuleContainer.java:1672)
	at org.eclipse.osgi.container.ModuleContainer$ContainerStartLevel.dispatchEvent(ModuleContainer.java:1)
	at org.eclipse.osgi.framework.eventmgr.EventManager.dispatchEvent(EventManager.java:234)
	at org.eclipse.osgi.framework.eventmgr.EventManager$EventThread.run(EventManager.java:345)

!ENTRY org.eclipse.equinox.app 4 0 2022-12-22 16:58:07.403
!MESSAGE FrameworkEvent ERROR
!STACK 0
org.osgi.framework.BundleException: Could not resolve module: org.eclipse.equinox.app [29]
  Unresolved requirement: Require-Bundle: org.eclipse.equinox.common; bundle-version="[3.2.0,4.0.0)"
    -> Bundle-SymbolicName: org.eclipse.equinox.common; bundle-version="3.17.0.v20221006-0914"; singleton:="true"
       org.eclipse.equinox.common [30]
         Unresolved requirement: Require-Capability: osgi.ee; filter:="(&(osgi.ee=JavaSE)(version=11))"
  Unresolved requirement: Require-Bundle: org.eclipse.equinox.registry; bundle-version="[3.4.0,4.0.0)"
    -> Bundle-SymbolicName: org.eclipse.equinox.registry; bundle-version="3.11.200.v20220817-1601"; singleton:="true"
       org.eclipse.equinox.registry [36]
         Unresolved requirement: Require-Bundle: org.eclipse.equinox.common; bundle-version="[3.15.100,4.0.0)"
           -> Bundle-SymbolicName: org.eclipse.equinox.common; bundle-version="3.17.0.v20221006-0914"; singleton:="true"
         Unresolved requirement: Import-Package: org.eclipse.core.runtime.jobs; resolution:="optional"
           -> Export-Package: org.eclipse.core.runtime.jobs; bundle-symbolic-name="org.eclipse.core.jobs"; bundle-version="3.13.200.v20221027-1557"; version="0.0.0"
              org.eclipse.core.jobs [22]
                Unresolved requirement: Require-Capability: osgi.ee; filter:="(&(osgi.ee=JavaSE)(version=11))"
                Unresolved requirement: Require-Bundle: org.eclipse.equinox.common; bundle-version="[3.8.0,4.0.0)"
                  -> Bundle-SymbolicName: org.eclipse.equinox.common; bundle-version="3.17.0.v20221006-0914"; singleton:="true"

	at org.eclipse.osgi.container.Module.start(Module.java:463)
	at org.eclipse.osgi.container.ModuleContainer$ContainerStartLevel$2.run(ModuleContainer.java:1852)
	at org.eclipse.osgi.internal.framework.EquinoxContainerAdaptor$1$1.execute(EquinoxContainerAdaptor.java:136)
	at org.eclipse.osgi.container.ModuleContainer$ContainerStartLevel.incStartLevel(ModuleContainer.java:1845)
	at org.eclipse.osgi.container.ModuleContainer$ContainerStartLevel.incStartLevel(ModuleContainer.java:1786)
	at org.eclipse.osgi.container.ModuleContainer$ContainerStartLevel.doContainerStartLevel(ModuleContainer.java:1750)
	at org.eclipse.osgi.container.ModuleContainer$ContainerStartLevel.dispatchEvent(ModuleContainer.java:1672)
	at org.eclipse.osgi.container.ModuleContainer$ContainerStartLevel.dispatchEvent(ModuleContainer.java:1)
	at org.eclipse.osgi.framework.eventmgr.EventManager.dispatchEvent(EventManager.java:234)
	at org.eclipse.osgi.framework.eventmgr.EventManager$EventThread.run(EventManager.java:345)

!ENTRY org.eclipse.equinox.frameworkadmin 4 0 2022-12-22 16:58:07.404
!MESSAGE FrameworkEvent ERROR
!STACK 0
org.osgi.framework.BundleException: Could not resolve module: org.eclipse.equinox.frameworkadmin [31]
  Unresolved requirement: Require-Capability: osgi.ee; filter:="(&(osgi.ee=JavaSE)(version=11))"
  Unresolved requirement: Require-Bundle: org.eclipse.equinox.common; bundle-version="3.4.0"
    -> Bundle-SymbolicName: org.eclipse.equinox.common; bundle-version="3.17.0.v20221006-0914"; singleton:="true"
       org.eclipse.equinox.common [30]
         Unresolved requirement: Require-Capability: osgi.ee; filter:="(&(osgi.ee=JavaSE)(version=11))"

	at org.eclipse.osgi.container.Module.start(Module.java:463)
	at org.eclipse.osgi.container.ModuleContainer$ContainerStartLevel$2.run(ModuleContainer.java:1852)
	at org.eclipse.osgi.internal.framework.EquinoxContainerAdaptor$1$1.execute(EquinoxContainerAdaptor.java:136)
	at org.eclipse.osgi.container.ModuleContainer$ContainerStartLevel.incStartLevel(ModuleContainer.java:1845)
	at org.eclipse.osgi.container.ModuleContainer$ContainerStartLevel.incStartLevel(ModuleContainer.java:1786)
	at org.eclipse.osgi.container.ModuleContainer$ContainerStartLevel.doContainerStartLevel(ModuleContainer.java:1750)
	at org.eclipse.osgi.container.ModuleContainer$ContainerStartLevel.dispatchEvent(ModuleContainer.java:1672)
	at org.eclipse.osgi.container.ModuleContainer$ContainerStartLevel.dispatchEvent(ModuleContainer.java:1)
	at org.eclipse.osgi.framework.eventmgr.EventManager.dispatchEvent(EventManager.java:234)
	at org.eclipse.osgi.framework.eventmgr.EventManager$EventThread.run(EventManager.java:345)

!ENTRY org.eclipse.equinox.frameworkadmin.equinox 4 0 2022-12-22 16:58:07.406
!MESSAGE FrameworkEvent ERROR
!STACK 0
org.osgi.framework.BundleException: Could not resolve module: org.eclipse.equinox.frameworkadmin.equinox [32]
  Unresolved requirement: Import-Package: org.eclipse.equinox.internal.frameworkadmin.utils
    -> Export-Package: org.eclipse.equinox.internal.frameworkadmin.utils; bundle-symbolic-name="org.eclipse.equinox.frameworkadmin"; bundle-version="2.2.100.v20220817-1208"; version="0.0.0"; x-friends:="org.eclipse.equinox.frameworkadmin.equinox,  org.eclipse.equinox.p2.publisher,  org.eclipse.equinox.simpleconfigurator.manipulator,  org.eclipse.equinox.p2.publisher.eclipse"
       org.eclipse.equinox.frameworkadmin [31]
         Unresolved requirement: Require-Capability: osgi.ee; filter:="(&(osgi.ee=JavaSE)(version=11))"
         Unresolved requirement: Require-Bundle: org.eclipse.equinox.common; bundle-version="3.4.0"
           -> Bundle-SymbolicName: org.eclipse.equinox.common; bundle-version="3.17.0.v20221006-0914"; singleton:="true"
              org.eclipse.equinox.common [30]
                Unresolved requirement: Require-Capability: osgi.ee; filter:="(&(osgi.ee=JavaSE)(version=11))"
  Unresolved requirement: Import-Package: org.eclipse.equinox.frameworkadmin; version="[2.0.0,3.0.0)"
    -> Export-Package: org.eclipse.equinox.frameworkadmin; bundle-symbolic-name="org.eclipse.equinox.frameworkadmin"; bundle-version="2.2.100.v20220817-1208"; version="2.0.0"

	at org.eclipse.osgi.container.Module.start(Module.java:463)
	at org.eclipse.osgi.container.ModuleContainer$ContainerStartLevel$2.run(ModuleContainer.java:1852)
	at org.eclipse.osgi.internal.framework.EquinoxContainerAdaptor$1$1.execute(EquinoxContainerAdaptor.java:136)
	at org.eclipse.osgi.container.ModuleContainer$ContainerStartLevel.incStartLevel(ModuleContainer.java:1845)
	at org.eclipse.osgi.container.ModuleContainer$ContainerStartLevel.incStartLevel(ModuleContainer.java:1786)
	at org.eclipse.osgi.container.ModuleContainer$ContainerStartLevel.doContainerStartLevel(ModuleContainer.java:1750)
	at org.eclipse.osgi.container.ModuleContainer$ContainerStartLevel.dispatchEvent(ModuleContainer.java:1672)
	at org.eclipse.osgi.container.ModuleContainer$ContainerStartLevel.dispatchEvent(ModuleContainer.java:1)
	at org.eclipse.osgi.framework.eventmgr.EventManager.dispatchEvent(EventManager.java:234)
	at org.eclipse.osgi.framework.eventmgr.EventManager$EventThread.run(EventManager.java:345)

!ENTRY org.eclipse.equinox.preferences 4 0 2022-12-22 16:58:07.408
!MESSAGE FrameworkEvent ERROR
!STACK 0
org.osgi.framework.BundleException: Could not resolve module: org.eclipse.equinox.preferences [35]
  Unresolved requirement: Require-Capability: osgi.ee; filter:="(&(osgi.ee=JavaSE)(version=11))"
  Unresolved requirement: Require-Bundle: org.eclipse.equinox.registry; bundle-version="[3.2.0,4.0.0)"; resolution:="optional"
    -> Bundle-SymbolicName: org.eclipse.equinox.registry; bundle-version="3.11.200.v20220817-1601"; singleton:="true"
       org.eclipse.equinox.registry [36]
         Unresolved requirement: Require-Bundle: org.eclipse.equinox.common; bundle-version="[3.15.100,4.0.0)"
           -> Bundle-SymbolicName: org.eclipse.equinox.common; bundle-version="3.17.0.v20221006-0914"; singleton:="true"
              org.eclipse.equinox.common [30]
                Unresolved requirement: Require-Capability: osgi.ee; filter:="(&(osgi.ee=JavaSE)(version=11))"
         Unresolved requirement: Import-Package: org.eclipse.core.runtime.jobs; resolution:="optional"
           -> Export-Package: org.eclipse.core.runtime.jobs; bundle-symbolic-name="org.eclipse.core.jobs"; bundle-version="3.13.200.v20221027-1557"; version="0.0.0"
              org.eclipse.core.jobs [22]
                Unresolved requirement: Require-Bundle: org.eclipse.equinox.common; bundle-version="[3.8.0,4.0.0)"
                  -> Bundle-SymbolicName: org.eclipse.equinox.common; bundle-version="3.17.0.v20221006-0914"; singleton:="true"
  Unresolved requirement: Require-Bundle: org.eclipse.equinox.common; bundle-version="[3.2.0,4.0.0)"
    -> Bundle-SymbolicName: org.eclipse.equinox.common; bundle-version="3.17.0.v20221006-0914"; singleton:="true"

	at org.eclipse.osgi.container.Module.start(Module.java:463)
	at org.eclipse.osgi.container.ModuleContainer$ContainerStartLevel$2.run(ModuleContainer.java:1852)
	at org.eclipse.osgi.internal.framework.EquinoxContainerAdaptor$1$1.execute(EquinoxContainerAdaptor.java:136)
	at org.eclipse.osgi.container.ModuleContainer$ContainerStartLevel.incStartLevel(ModuleContainer.java:1845)
	at org.eclipse.osgi.container.ModuleContainer$ContainerStartLevel.incStartLevel(ModuleContainer.java:1786)
	at org.eclipse.osgi.container.ModuleContainer$ContainerStartLevel.doContainerStartLevel(ModuleContainer.java:1750)
	at org.eclipse.osgi.container.ModuleContainer$ContainerStartLevel.dispatchEvent(ModuleContainer.java:1672)
	at org.eclipse.osgi.container.ModuleContainer$ContainerStartLevel.dispatchEvent(ModuleContainer.java:1)
	at org.eclipse.osgi.framework.eventmgr.EventManager.dispatchEvent(EventManager.java:234)
	at org.eclipse.osgi.framework.eventmgr.EventManager$EventThread.run(EventManager.java:345)

!ENTRY org.eclipse.equinox.registry 4 0 2022-12-22 16:58:07.410
!MESSAGE FrameworkEvent ERROR
!STACK 0
org.osgi.framework.BundleException: Could not resolve module: org.eclipse.equinox.registry [36]
  Unresolved requirement: Require-Bundle: org.eclipse.equinox.common; bundle-version="[3.15.100,4.0.0)"
    -> Bundle-SymbolicName: org.eclipse.equinox.common; bundle-version="3.17.0.v20221006-0914"; singleton:="true"
       org.eclipse.equinox.common [30]
         Unresolved requirement: Require-Capability: osgi.ee; filter:="(&(osgi.ee=JavaSE)(version=11))"
  Unresolved requirement: Import-Package: org.eclipse.core.runtime.jobs; resolution:="optional"
    -> Export-Package: org.eclipse.core.runtime.jobs; bundle-symbolic-name="org.eclipse.core.jobs"; bundle-version="3.13.200.v20221027-1557"; version="0.0.0"
       org.eclipse.core.jobs [22]
         Unresolved requirement: Require-Capability: osgi.ee; filter:="(&(osgi.ee=JavaSE)(version=11))"
         Unresolved requirement: Require-Bundle: org.eclipse.equinox.common; bundle-version="[3.8.0,4.0.0)"
           -> Bundle-SymbolicName: org.eclipse.equinox.common; bundle-version="3.17.0.v20221006-0914"; singleton:="true"

	at org.eclipse.osgi.container.Module.start(Module.java:463)
	at org.eclipse.osgi.container.ModuleContainer$ContainerStartLevel$2.run(ModuleContainer.java:1852)
	at org.eclipse.osgi.internal.framework.EquinoxContainerAdaptor$1$1.execute(EquinoxContainerAdaptor.java:136)
	at org.eclipse.osgi.container.ModuleContainer$ContainerStartLevel.incStartLevel(ModuleContainer.java:1845)
	at org.eclipse.osgi.container.ModuleContainer$ContainerStartLevel.incStartLevel(ModuleContainer.java:1786)
	at org.eclipse.osgi.container.ModuleContainer$ContainerStartLevel.doContainerStartLevel(ModuleContainer.java:1750)
	at org.eclipse.osgi.container.ModuleContainer$ContainerStartLevel.dispatchEvent(ModuleContainer.java:1672)
	at org.eclipse.osgi.container.ModuleContainer$ContainerStartLevel.dispatchEvent(ModuleContainer.java:1)
	at org.eclipse.osgi.framework.eventmgr.EventManager.dispatchEvent(EventManager.java:234)
	at org.eclipse.osgi.framework.eventmgr.EventManager$EventThread.run(EventManager.java:345)

!ENTRY org.eclipse.equinox.security 4 0 2022-12-22 16:58:07.411
!MESSAGE FrameworkEvent ERROR
!STACK 0
org.osgi.framework.BundleException: Could not resolve module: org.eclipse.equinox.security [37]
  Unresolved requirement: Import-Package: org.eclipse.core.runtime.jobs
    -> Export-Package: org.eclipse.core.runtime.jobs; bundle-symbolic-name="org.eclipse.core.jobs"; bundle-version="3.13.200.v20221027-1557"; version="0.0.0"
       org.eclipse.core.jobs [22]
         Unresolved requirement: Require-Bundle: org.eclipse.equinox.common; bundle-version="[3.8.0,4.0.0)"
           -> Bundle-SymbolicName: org.eclipse.equinox.common; bundle-version="3.17.0.v20221006-0914"; singleton:="true"
              org.eclipse.equinox.common [30]
                Unresolved requirement: Require-Capability: osgi.ee; filter:="(&(osgi.ee=JavaSE)(version=11))"
  Unresolved requirement: Import-Package: org.eclipse.core.internal.runtime; common="split"
    -> Export-Package: org.eclipse.core.internal.runtime; bundle-symbolic-name="org.eclipse.equinox.common"; common="split"; bundle-version="3.17.0.v20221006-0914"; version="0.0.0"; x-friends:="org.eclipse.core.contenttype,  org.eclipse.core.jobs,  org.eclipse.equinox.preferences,  org.eclipse.equinox.registry,  org.eclipse.core.runtime,  org.eclipse.core.runtime.compatibility,  org.eclipse.core.filesystem,  org.eclipse.equinox.security"; mandatory:="common"
  Unresolved requirement: Import-Package: org.eclipse.core.runtime; registry="split"
    -> Export-Package: org.eclipse.core.runtime; registry="split"; bundle-symbolic-name="org.eclipse.equinox.registry"; bundle-version="3.11.200.v20220817-1601"; version="3.7.0"; mandatory:="registry"
       org.eclipse.equinox.registry [36]
         Unresolved requirement: Require-Bundle: org.eclipse.equinox.common; bundle-version="[3.15.100,4.0.0)"
           -> Bundle-SymbolicName: org.eclipse.equinox.common; bundle-version="3.17.0.v20221006-0914"; singleton:="true"
         Unresolved requirement: Import-Package: org.eclipse.core.runtime.jobs; resolution:="optional"
           -> Export-Package: org.eclipse.core.runtime.jobs; bundle-symbolic-name="org.eclipse.core.jobs"; bundle-version="3.13.200.v20221027-1557"; version="0.0.0"

	at org.eclipse.osgi.container.Module.start(Module.java:463)
	at org.eclipse.osgi.container.ModuleContainer$ContainerStartLevel$2.run(ModuleContainer.java:1852)
	at org.eclipse.osgi.internal.framework.EquinoxContainerAdaptor$1$1.execute(EquinoxContainerAdaptor.java:136)
	at org.eclipse.osgi.container.ModuleContainer$ContainerStartLevel.incStartLevel(ModuleContainer.java:1845)
	at org.eclipse.osgi.container.ModuleContainer$ContainerStartLevel.incStartLevel(ModuleContainer.java:1786)
	at org.eclipse.osgi.container.ModuleContainer$ContainerStartLevel.doContainerStartLevel(ModuleContainer.java:1750)
	at org.eclipse.osgi.container.ModuleContainer$ContainerStartLevel.dispatchEvent(ModuleContainer.java:1672)
	at org.eclipse.osgi.container.ModuleContainer$ContainerStartLevel.dispatchEvent(ModuleContainer.java:1)
	at org.eclipse.osgi.framework.eventmgr.EventManager.dispatchEvent(EventManager.java:234)
	at org.eclipse.osgi.framework.eventmgr.EventManager$EventThread.run(EventManager.java:345)

!ENTRY org.eclipse.equinox.simpleconfigurator 4 0 2022-12-22 16:58:07.413
!MESSAGE FrameworkEvent ERROR
!STACK 0
org.osgi.framework.BundleException: Could not resolve module: org.eclipse.equinox.simpleconfigurator [39]
  Unresolved requirement: Require-Capability: osgi.ee; filter:="(&(osgi.ee=JavaSE)(version=11))"

	at org.eclipse.osgi.container.Module.start(Module.java:463)
	at org.eclipse.osgi.container.ModuleContainer$ContainerStartLevel$2.run(ModuleContainer.java:1852)
	at org.eclipse.osgi.internal.framework.EquinoxContainerAdaptor$1$1.execute(EquinoxContainerAdaptor.java:136)
	at org.eclipse.osgi.container.ModuleContainer$ContainerStartLevel.incStartLevel(ModuleContainer.java:1845)
	at org.eclipse.osgi.container.ModuleContainer$ContainerStartLevel.incStartLevel(ModuleContainer.java:1786)
	at org.eclipse.osgi.container.ModuleContainer$ContainerStartLevel.doContainerStartLevel(ModuleContainer.java:1750)
	at org.eclipse.osgi.container.ModuleContainer$ContainerStartLevel.dispatchEvent(ModuleContainer.java:1672)
	at org.eclipse.osgi.container.ModuleContainer$ContainerStartLevel.dispatchEvent(ModuleContainer.java:1)
	at org.eclipse.osgi.framework.eventmgr.EventManager.dispatchEvent(EventManager.java:234)
	at org.eclipse.osgi.framework.eventmgr.EventManager$EventThread.run(EventManager.java:345)

!ENTRY org.eclipse.equinox.simpleconfigurator.manipulator 4 0 2022-12-22 16:58:07.414
!MESSAGE FrameworkEvent ERROR
!STACK 0
org.osgi.framework.BundleException: Could not resolve module: org.eclipse.equinox.simpleconfigurator.manipulator [40]
  Unresolved requirement: Import-Package: org.eclipse.equinox.internal.frameworkadmin.utils
    -> Export-Package: org.eclipse.equinox.internal.frameworkadmin.utils; bundle-symbolic-name="org.eclipse.equinox.frameworkadmin"; bundle-version="2.2.100.v20220817-1208"; version="0.0.0"; x-friends:="org.eclipse.equinox.frameworkadmin.equinox,  org.eclipse.equinox.p2.publisher,  org.eclipse.equinox.simpleconfigurator.manipulator,  org.eclipse.equinox.p2.publisher.eclipse"
       org.eclipse.equinox.frameworkadmin [31]
         Unresolved requirement: Require-Capability: osgi.ee; filter:="(&(osgi.ee=JavaSE)(version=11))"
         Unresolved requirement: Require-Bundle: org.eclipse.equinox.common; bundle-version="3.4.0"
           -> Bundle-SymbolicName: org.eclipse.equinox.common; bundle-version="3.17.0.v20221006-0914"; singleton:="true"
              org.eclipse.equinox.common [30]
                Unresolved requirement: Require-Capability: osgi.ee; filter:="(&(osgi.ee=JavaSE)(version=11))"
  Unresolved requirement: Import-Package: org.eclipse.equinox.frameworkadmin; version="[2.0.0,3.0.0)"
    -> Export-Package: org.eclipse.equinox.frameworkadmin; bundle-symbolic-name="org.eclipse.equinox.frameworkadmin"; bundle-version="2.2.100.v20220817-1208"; version="2.0.0"
  Unresolved requirement: Import-Package: org.eclipse.equinox.internal.frameworkadmin.equinox
    -> Export-Package: org.eclipse.equinox.internal.frameworkadmin.equinox; bundle-symbolic-name="org.eclipse.equinox.frameworkadmin.equinox"; bundle-version="1.2.200.v20220315-2155"; version="0.0.0"; x-friends:="org.eclipse.equinox.p2.publisher,org.eclipse.equinox.p2.publisher.eclipse,org.eclipse.equinox.simpleconfigurator.manipulator"
       org.eclipse.equinox.frameworkadmin.equinox [32]
         Unresolved requirement: Import-Package: org.eclipse.equinox.frameworkadmin; version="[2.0.0,3.0.0)"
           -> Export-Package: org.eclipse.equinox.frameworkadmin; bundle-symbolic-name="org.eclipse.equinox.frameworkadmin"; bundle-version="2.2.100.v20220817-1208"; version="2.0.0"

	at org.eclipse.osgi.container.Module.start(Module.java:463)
	at org.eclipse.osgi.container.ModuleContainer$ContainerStartLevel$2.run(ModuleContainer.java:1852)
	at org.eclipse.osgi.internal.framework.EquinoxContainerAdaptor$1$1.execute(EquinoxContainerAdaptor.java:136)
	at org.eclipse.osgi.container.ModuleContainer$ContainerStartLevel.incStartLevel(ModuleContainer.java:1845)
	at org.eclipse.osgi.container.ModuleContainer$ContainerStartLevel.incStartLevel(ModuleContainer.java:1786)
	at org.eclipse.osgi.container.ModuleContainer$ContainerStartLevel.doContainerStartLevel(ModuleContainer.java:1750)
	at org.eclipse.osgi.container.ModuleContainer$ContainerStartLevel.dispatchEvent(ModuleContainer.java:1672)
	at org.eclipse.osgi.container.ModuleContainer$ContainerStartLevel.dispatchEvent(ModuleContainer.java:1)
	at org.eclipse.osgi.framework.eventmgr.EventManager.dispatchEvent(EventManager.java:234)
	at org.eclipse.osgi.framework.eventmgr.EventManager$EventThread.run(EventManager.java:345)

!ENTRY org.eclipse.jdt.apt.core 4 0 2022-12-22 16:58:07.417
!MESSAGE FrameworkEvent ERROR
!STACK 0
org.osgi.framework.BundleException: Could not resolve module: org.eclipse.jdt.apt.core [41]
  Unresolved requirement: Require-Bundle: org.eclipse.jdt.core; bundle-version="[3.27.0,4.0.0)"
    -> Bundle-SymbolicName: org.eclipse.jdt.core; bundle-version="3.32.0.v20221027-1633"; singleton:="true"
       org.eclipse.jdt.core [45]
         Unresolved requirement: Require-Bundle: org.eclipse.core.resources; bundle-version="[3.18.0,4.0.0)"
           -> Bundle-SymbolicName: org.eclipse.core.resources; bundle-version="3.18.100.v20221025-2047"; singleton:="true"
              org.eclipse.core.resources [25]
                Unresolved requirement: Require-Bundle: org.eclipse.ant.core; bundle-version="[3.1.0,4.0.0)"; resolution:="optional"
                  -> Bundle-SymbolicName: org.eclipse.ant.core; bundle-version="3.6.500.v20220718-1722"; singleton:="true"
                     org.eclipse.ant.core [13]
                       Unresolved requirement: Require-Bundle: org.eclipse.core.variables; bundle-version="[3.1.0,4.0.0)"
                         -> Bundle-SymbolicName: org.eclipse.core.variables; bundle-version="3.5.100.v20210721-1355"; singleton:="true"
                            org.eclipse.core.variables [27]
                              Unresolved requirement: Require-Capability: osgi.ee; filter:="(&(osgi.ee=JavaSE)(version=11))"
                              Unresolved requirement: Require-Bundle: org.eclipse.core.runtime; bundle-version="[3.3.0,4.0.0)"
                                -> Bundle-SymbolicName: org.eclipse.core.runtime; bundle-version="3.26.100.v20221021-0005"; singleton:="true"
                                   org.eclipse.core.runtime [26]
                                     Unresolved requirement: Require-Capability: osgi.ee; filter:="(&(osgi.ee=JavaSE)(version=11))"
                                     Unresolved requirement: Require-Bundle: org.eclipse.core.contenttype; bundle-version="[3.8.0,4.0.0)"; visibility:="reexport"
                                       -> Bundle-SymbolicName: org.eclipse.core.contenttype; bundle-version="3.8.200.v20220817-1539"; singleton:="true"
                                          org.eclipse.core.contenttype [18]
                                            Unresolved requirement: Require-Bundle: org.eclipse.equinox.preferences; bundle-version="[3.2.0,4.0.0)"
                                              -> Bundle-SymbolicName: org.eclipse.equinox.preferences; bundle-version="3.10.100.v20220710-1223"; singleton:="true"
                                                 org.eclipse.equinox.preferences [35]
                                                   Unresolved requirement: Require-Bundle: org.eclipse.equinox.common; bundle-version="[3.2.0,4.0.0)"
                                                     -> Bundle-SymbolicName: org.eclipse.equinox.common; bundle-version="3.17.0.v20221006-0914"; singleton:="true"
                                                        org.eclipse.equinox.common [30]
                                                          Unresolved requirement: Require-Capability: osgi.ee; filter:="(&(osgi.ee=JavaSE)(version=11))"
                                     Unresolved requirement: Require-Bundle: org.eclipse.equinox.registry; bundle-version="[3.11.0,4.0.0)"; visibility:="reexport"
                                       -> Bundle-SymbolicName: org.eclipse.equinox.registry; bundle-version="3.11.200.v20220817-1601"; singleton:="true"
                                          org.eclipse.equinox.registry [36]
                                            Unresolved requirement: Require-Bundle: org.eclipse.equinox.common; bundle-version="[3.15.100,4.0.0)"
                                              -> Bundle-SymbolicName: org.eclipse.equinox.common; bundle-version="3.17.0.v20221006-0914"; singleton:="true"
                                            Unresolved requirement: Import-Package: org.eclipse.core.runtime.jobs; resolution:="optional"
                                              -> Export-Package: org.eclipse.core.runtime.jobs; bundle-symbolic-name="org.eclipse.core.jobs"; bundle-version="3.13.200.v20221027-1557"; version="0.0.0"
                                                 org.eclipse.core.jobs [22]
                                                   Unresolved requirement: Require-Bundle: org.eclipse.equinox.common; bundle-version="[3.8.0,4.0.0)"
                                                     -> Bundle-SymbolicName: org.eclipse.equinox.common; bundle-version="3.17.0.v20221006-0914"; singleton:="true"
                                     Unresolved requirement: Require-Bundle: org.eclipse.equinox.preferences; bundle-version="[3.10.0,4.0.0)"; visibility:="reexport"
                                       -> Bundle-SymbolicName: org.eclipse.equinox.preferences; bundle-version="3.10.100.v20220710-1223"; singleton:="true"
                                     Unresolved requirement: Require-Bundle: org.eclipse.equinox.common; bundle-version="3.16.0"; visibility:="reexport"
                                       -> Bundle-SymbolicName: org.eclipse.equinox.common; bundle-version="3.17.0.v20221006-0914"; singleton:="true"
                                     Unresolved requirement: Require-Bundle: org.eclipse.equinox.app; bundle-version="1.6.0"; visibility:="reexport"
                                       -> Bundle-SymbolicName: org.eclipse.equinox.app; bundle-version="1.6.200.v20220720-2012"; singleton:="true"
                                          org.eclipse.equinox.app [29]
                                            Unresolved requirement: Require-Bundle: org.eclipse.equinox.registry; bundle-version="[3.4.0,4.0.0)"
                                              -> Bundle-SymbolicName: org.eclipse.equinox.registry; bundle-version="3.11.200.v20220817-1601"; singleton:="true"
                                     Unresolved requirement: Require-Bundle: org.eclipse.core.jobs; bundle-version="[3.13.0,4.0.0)"; visibility:="reexport"
                                       -> Bundle-SymbolicName: org.eclipse.core.jobs; bundle-version="3.13.200.v20221027-1557"; singleton:="true"
                       Unresolved requirement: Require-Bundle: org.eclipse.core.runtime; bundle-version="[3.25.0,4.0.0)"
                         -> Bundle-SymbolicName: org.eclipse.core.runtime; bundle-version="3.26.100.v20221021-0005"; singleton:="true"
                Unresolved requirement: Require-Bundle: org.eclipse.core.expressions; bundle-version="[3.2.0,4.0.0)"
                  -> Bundle-SymbolicName: org.eclipse.core.expressions; bundle-version="3.8.200.v20220613-1047"; singleton:="true"
                     org.eclipse.core.expressions [19]
                       Unresolved requirement: Require-Bundle: org.eclipse.core.runtime; bundle-version="[3.3.0,4.0.0)"
                         -> Bundle-SymbolicName: org.eclipse.core.runtime; bundle-version="3.26.100.v20221021-0005"; singleton:="true"
                Unresolved requirement: Require-Bundle: org.eclipse.core.runtime; bundle-version="[3.26.0,4.0.0)"
                  -> Bundle-SymbolicName: org.eclipse.core.runtime; bundle-version="3.26.100.v20221021-0005"; singleton:="true"
                Unresolved requirement: Require-Bundle: org.eclipse.core.filesystem; bundle-version="[1.3.0,2.0.0)"
                  -> Bundle-SymbolicName: org.eclipse.core.filesystem; bundle-version="1.9.500.v20220817-1539"; singleton:="true"
                     org.eclipse.core.filesystem [21]
                       Unresolved requirement: Require-Bundle: org.eclipse.equinox.common; bundle-version="[3.2.0,4.0.0)"
                         -> Bundle-SymbolicName: org.eclipse.equinox.common; bundle-version="3.17.0.v20221006-0914"; singleton:="true"
         Unresolved requirement: Require-Bundle: org.eclipse.core.runtime; bundle-version="[3.13.0,4.0.0)"
           -> Bundle-SymbolicName: org.eclipse.core.runtime; bundle-version="3.26.100.v20221021-0005"; singleton:="true"
  Unresolved requirement: Require-Bundle: org.eclipse.core.runtime; bundle-version="[3.5.100,4.0.0)"
    -> Bundle-SymbolicName: org.eclipse.core.runtime; bundle-version="3.26.100.v20221021-0005"; singleton:="true"

	at org.eclipse.osgi.container.Module.start(Module.java:463)
	at org.eclipse.osgi.container.ModuleContainer$ContainerStartLevel$2.run(ModuleContainer.java:1852)
	at org.eclipse.osgi.internal.framework.EquinoxContainerAdaptor$1$1.execute(EquinoxContainerAdaptor.java:136)
	at org.eclipse.osgi.container.ModuleContainer$ContainerStartLevel.incStartLevel(ModuleContainer.java:1845)
	at org.eclipse.osgi.container.ModuleContainer$ContainerStartLevel.incStartLevel(ModuleContainer.java:1786)
	at org.eclipse.osgi.container.ModuleContainer$ContainerStartLevel.doContainerStartLevel(ModuleContainer.java:1750)
	at org.eclipse.osgi.container.ModuleContainer$ContainerStartLevel.dispatchEvent(ModuleContainer.java:1672)
	at org.eclipse.osgi.container.ModuleContainer$ContainerStartLevel.dispatchEvent(ModuleContainer.java:1)
	at org.eclipse.osgi.framework.eventmgr.EventManager.dispatchEvent(EventManager.java:234)
	at org.eclipse.osgi.framework.eventmgr.EventManager$EventThread.run(EventManager.java:345)

!ENTRY org.eclipse.jdt.apt.pluggable.core 4 0 2022-12-22 16:58:07.421
!MESSAGE FrameworkEvent ERROR
!STACK 0
org.osgi.framework.BundleException: Could not resolve module: org.eclipse.jdt.apt.pluggable.core [42]
  Unresolved requirement: Import-Package: org.eclipse.jdt.internal.compiler.tool
    -> Export-Package: org.eclipse.jdt.internal.compiler.tool; bundle-symbolic-name="org.eclipse.jdt.compiler.tool"; bundle-version="1.3.200.v20220802-0458"; version="0.0.0"; x-internal:="true"
       org.eclipse.jdt.compiler.tool [44]
         Unresolved requirement: Require-Capability: osgi.ee; filter:="(&(osgi.ee=JavaSE)(version=11))"
         Unresolved requirement: Fragment-Host: org.eclipse.jdt.core; bundle-version="[3.30.100,4.0.0)"
           -> Bundle-SymbolicName: org.eclipse.jdt.core; bundle-version="3.32.0.v20221027-1633"; singleton:="true"
              org.eclipse.jdt.core [45]
                Unresolved requirement: Require-Bundle: org.eclipse.core.resources; bundle-version="[3.18.0,4.0.0)"
                  -> Bundle-SymbolicName: org.eclipse.core.resources; bundle-version="3.18.100.v20221025-2047"; singleton:="true"
                     org.eclipse.core.resources [25]
                       Unresolved requirement: Require-Bundle: org.eclipse.ant.core; bundle-version="[3.1.0,4.0.0)"; resolution:="optional"
                         -> Bundle-SymbolicName: org.eclipse.ant.core; bundle-version="3.6.500.v20220718-1722"; singleton:="true"
                            org.eclipse.ant.core [13]
                              Unresolved requirement: Require-Bundle: org.eclipse.core.variables; bundle-version="[3.1.0,4.0.0)"
                                -> Bundle-SymbolicName: org.eclipse.core.variables; bundle-version="3.5.100.v20210721-1355"; singleton:="true"
                                   org.eclipse.core.variables [27]
                                     Unresolved requirement: Require-Capability: osgi.ee; filter:="(&(osgi.ee=JavaSE)(version=11))"
                                     Unresolved requirement: Require-Bundle: org.eclipse.core.runtime; bundle-version="[3.3.0,4.0.0)"
                                       -> Bundle-SymbolicName: org.eclipse.core.runtime; bundle-version="3.26.100.v20221021-0005"; singleton:="true"
                                          org.eclipse.core.runtime [26]
                                            Unresolved requirement: Require-Capability: osgi.ee; filter:="(&(osgi.ee=JavaSE)(version=11))"
                                            Unresolved requirement: Require-Bundle: org.eclipse.core.contenttype; bundle-version="[3.8.0,4.0.0)"; visibility:="reexport"
                                              -> Bundle-SymbolicName: org.eclipse.core.contenttype; bundle-version="3.8.200.v20220817-1539"; singleton:="true"
                                                 org.eclipse.core.contenttype [18]
                                                   Unresolved requirement: Require-Bundle: org.eclipse.equinox.preferences; bundle-version="[3.2.0,4.0.0)"
                                                     -> Bundle-SymbolicName: org.eclipse.equinox.preferences; bundle-version="3.10.100.v20220710-1223"; singleton:="true"
                                                        org.eclipse.equinox.preferences [35]
                                                          Unresolved requirement: Require-Bundle: org.eclipse.equinox.common; bundle-version="[3.2.0,4.0.0)"
                                                            -> Bundle-SymbolicName: org.eclipse.equinox.common; bundle-version="3.17.0.v20221006-0914"; singleton:="true"
                                                               org.eclipse.equinox.common [30]
                                                                 Unresolved requirement: Require-Capability: osgi.ee; filter:="(&(osgi.ee=JavaSE)(version=11))"
                                            Unresolved requirement: Require-Bundle: org.eclipse.equinox.registry; bundle-version="[3.11.0,4.0.0)"; visibility:="reexport"
                                              -> Bundle-SymbolicName: org.eclipse.equinox.registry; bundle-version="3.11.200.v20220817-1601"; singleton:="true"
                                                 org.eclipse.equinox.registry [36]
                                                   Unresolved requirement: Require-Bundle: org.eclipse.equinox.common; bundle-version="[3.15.100,4.0.0)"
                                                     -> Bundle-SymbolicName: org.eclipse.equinox.common; bundle-version="3.17.0.v20221006-0914"; singleton:="true"
                                                   Unresolved requirement: Import-Package: org.eclipse.core.runtime.jobs; resolution:="optional"
                                                     -> Export-Package: org.eclipse.core.runtime.jobs; bundle-symbolic-name="org.eclipse.core.jobs"; bundle-version="3.13.200.v20221027-1557"; version="0.0.0"
                                                        org.eclipse.core.jobs [22]
                                                          Unresolved requirement: Require-Bundle: org.eclipse.equinox.common; bundle-version="[3.8.0,4.0.0)"
                                                            -> Bundle-SymbolicName: org.eclipse.equinox.common; bundle-version="3.17.0.v20221006-0914"; singleton:="true"
                                            Unresolved requirement: Require-Bundle: org.eclipse.equinox.preferences; bundle-version="[3.10.0,4.0.0)"; visibility:="reexport"
                                              -> Bundle-SymbolicName: org.eclipse.equinox.preferences; bundle-version="3.10.100.v20220710-1223"; singleton:="true"
                                            Unresolved requirement: Require-Bundle: org.eclipse.equinox.common; bundle-version="3.16.0"; visibility:="reexport"
                                              -> Bundle-SymbolicName: org.eclipse.equinox.common; bundle-version="3.17.0.v20221006-0914"; singleton:="true"
                                            Unresolved requirement: Require-Bundle: org.eclipse.equinox.app; bundle-version="1.6.0"; visibility:="reexport"
                                              -> Bundle-SymbolicName: org.eclipse.equinox.app; bundle-version="1.6.200.v20220720-2012"; singleton:="true"
                                                 org.eclipse.equinox.app [29]
                                                   Unresolved requirement: Require-Bundle: org.eclipse.equinox.registry; bundle-version="[3.4.0,4.0.0)"
                                                     -> Bundle-SymbolicName: org.eclipse.equinox.registry; bundle-version="3.11.200.v20220817-1601"; singleton:="true"
                                            Unresolved requirement: Require-Bundle: org.eclipse.core.jobs; bundle-version="[3.13.0,4.0.0)"; visibility:="reexport"
                                              -> Bundle-SymbolicName: org.eclipse.core.jobs; bundle-version="3.13.200.v20221027-1557"; singleton:="true"
                              Unresolved requirement: Require-Bundle: org.eclipse.core.runtime; bundle-version="[3.25.0,4.0.0)"
                                -> Bundle-SymbolicName: org.eclipse.core.runtime; bundle-version="3.26.100.v20221021-0005"; singleton:="true"
                       Unresolved requirement: Require-Bundle: org.eclipse.core.expressions; bundle-version="[3.2.0,4.0.0)"
                         -> Bundle-SymbolicName: org.eclipse.core.expressions; bundle-version="3.8.200.v20220613-1047"; singleton:="true"
                            org.eclipse.core.expressions [19]
                              Unresolved requirement: Require-Bundle: org.eclipse.core.runtime; bundle-version="[3.3.0,4.0.0)"
                                -> Bundle-SymbolicName: org.eclipse.core.runtime; bundle-version="3.26.100.v20221021-0005"; singleton:="true"
                       Unresolved requirement: Require-Bundle: org.eclipse.core.runtime; bundle-version="[3.26.0,4.0.0)"
                         -> Bundle-SymbolicName: org.eclipse.core.runtime; bundle-version="3.26.100.v20221021-0005"; singleton:="true"
                       Unresolved requirement: Require-Bundle: org.eclipse.core.filesystem; bundle-version="[1.3.0,2.0.0)"
                         -> Bundle-SymbolicName: org.eclipse.core.filesystem; bundle-version="1.9.500.v20220817-1539"; singleton:="true"
                            org.eclipse.core.filesystem [21]
                              Unresolved requirement: Require-Bundle: org.eclipse.equinox.common; bundle-version="[3.2.0,4.0.0)"
                                -> Bundle-SymbolicName: org.eclipse.equinox.common; bundle-version="3.17.0.v20221006-0914"; singleton:="true"
                Unresolved requirement: Require-Bundle: org.eclipse.core.runtime; bundle-version="[3.13.0,4.0.0)"
                  -> Bundle-SymbolicName: org.eclipse.core.runtime; bundle-version="3.26.100.v20221021-0005"; singleton:="true"
  Unresolved requirement: Import-Package: org.eclipse.jdt.internal.compiler.apt.dispatch
    -> Export-Package: org.eclipse.jdt.internal.compiler.apt.dispatch; bundle-symbolic-name="org.eclipse.jdt.compiler.apt"; bundle-version="1.4.200.v20221012-0724"; version="0.0.0"; x-friends:="org.eclipse.jdt.apt.pluggable.core"
       org.eclipse.jdt.compiler.apt [43]
         Unresolved requirement: Import-Package: org.eclipse.jdt.internal.compiler.tool; resolution:="optional"
           -> Export-Package: org.eclipse.jdt.internal.compiler.tool; bundle-symbolic-name="org.eclipse.jdt.compiler.tool"; bundle-version="1.3.200.v20220802-0458"; version="0.0.0"; x-internal:="true"
         Unresolved requirement: Fragment-Host: org.eclipse.jdt.core; bundle-version="[3.30.100,4.0.0)"
           -> Bundle-SymbolicName: org.eclipse.jdt.core; bundle-version="3.32.0.v20221027-1633"; singleton:="true"
  Unresolved requirement: Import-Package: org.eclipse.jdt.internal.compiler.apt.model
    -> Export-Package: org.eclipse.jdt.internal.compiler.apt.model; bundle-symbolic-name="org.eclipse.jdt.compiler.apt"; bundle-version="1.4.200.v20221012-0724"; version="0.0.0"; x-friends:="org.eclipse.jdt.apt.pluggable.core"

	at org.eclipse.osgi.container.Module.start(Module.java:463)
	at org.eclipse.osgi.container.ModuleContainer$ContainerStartLevel$2.run(ModuleContainer.java:1852)
	at org.eclipse.osgi.internal.framework.EquinoxContainerAdaptor$1$1.execute(EquinoxContainerAdaptor.java:136)
	at org.eclipse.osgi.container.ModuleContainer$ContainerStartLevel.incStartLevel(ModuleContainer.java:1845)
	at org.eclipse.osgi.container.ModuleContainer$ContainerStartLevel.incStartLevel(ModuleContainer.java:1786)
	at org.eclipse.osgi.container.ModuleContainer$ContainerStartLevel.doContainerStartLevel(ModuleContainer.java:1750)
	at org.eclipse.osgi.container.ModuleContainer$ContainerStartLevel.dispatchEvent(ModuleContainer.java:1672)
	at org.eclipse.osgi.container.ModuleContainer$ContainerStartLevel.dispatchEvent(ModuleContainer.java:1)
	at org.eclipse.osgi.framework.eventmgr.EventManager.dispatchEvent(EventManager.java:234)
	at org.eclipse.osgi.framework.eventmgr.EventManager$EventThread.run(EventManager.java:345)

!ENTRY org.eclipse.jdt.core 4 0 2022-12-22 16:58:07.426
!MESSAGE FrameworkEvent ERROR
!STACK 0
org.osgi.framework.BundleException: Could not resolve module: org.eclipse.jdt.core [45]
  Unresolved requirement: Require-Bundle: org.eclipse.core.resources; bundle-version="[3.18.0,4.0.0)"
    -> Bundle-SymbolicName: org.eclipse.core.resources; bundle-version="3.18.100.v20221025-2047"; singleton:="true"
       org.eclipse.core.resources [25]
         Unresolved requirement: Require-Bundle: org.eclipse.ant.core; bundle-version="[3.1.0,4.0.0)"; resolution:="optional"
           -> Bundle-SymbolicName: org.eclipse.ant.core; bundle-version="3.6.500.v20220718-1722"; singleton:="true"
              org.eclipse.ant.core [13]
                Unresolved requirement: Require-Bundle: org.eclipse.core.variables; bundle-version="[3.1.0,4.0.0)"
                  -> Bundle-SymbolicName: org.eclipse.core.variables; bundle-version="3.5.100.v20210721-1355"; singleton:="true"
                     org.eclipse.core.variables [27]
                       Unresolved requirement: Require-Capability: osgi.ee; filter:="(&(osgi.ee=JavaSE)(version=11))"
                       Unresolved requirement: Require-Bundle: org.eclipse.core.runtime; bundle-version="[3.3.0,4.0.0)"
                         -> Bundle-SymbolicName: org.eclipse.core.runtime; bundle-version="3.26.100.v20221021-0005"; singleton:="true"
                            org.eclipse.core.runtime [26]
                              Unresolved requirement: Require-Capability: osgi.ee; filter:="(&(osgi.ee=JavaSE)(version=11))"
                              Unresolved requirement: Require-Bundle: org.eclipse.core.contenttype; bundle-version="[3.8.0,4.0.0)"; visibility:="reexport"
                                -> Bundle-SymbolicName: org.eclipse.core.contenttype; bundle-version="3.8.200.v20220817-1539"; singleton:="true"
                                   org.eclipse.core.contenttype [18]
                                     Unresolved requirement: Require-Bundle: org.eclipse.equinox.preferences; bundle-version="[3.2.0,4.0.0)"
                                       -> Bundle-SymbolicName: org.eclipse.equinox.preferences; bundle-version="3.10.100.v20220710-1223"; singleton:="true"
                                          org.eclipse.equinox.preferences [35]
                                            Unresolved requirement: Require-Bundle: org.eclipse.equinox.common; bundle-version="[3.2.0,4.0.0)"
                                              -> Bundle-SymbolicName: org.eclipse.equinox.common; bundle-version="3.17.0.v20221006-0914"; singleton:="true"
                                                 org.eclipse.equinox.common [30]
                                                   Unresolved requirement: Require-Capability: osgi.ee; filter:="(&(osgi.ee=JavaSE)(version=11))"
                              Unresolved requirement: Require-Bundle: org.eclipse.equinox.registry; bundle-version="[3.11.0,4.0.0)"; visibility:="reexport"
                                -> Bundle-SymbolicName: org.eclipse.equinox.registry; bundle-version="3.11.200.v20220817-1601"; singleton:="true"
                                   org.eclipse.equinox.registry [36]
                                     Unresolved requirement: Require-Bundle: org.eclipse.equinox.common; bundle-version="[3.15.100,4.0.0)"
                                       -> Bundle-SymbolicName: org.eclipse.equinox.common; bundle-version="3.17.0.v20221006-0914"; singleton:="true"
                                     Unresolved requirement: Import-Package: org.eclipse.core.runtime.jobs; resolution:="optional"
                                       -> Export-Package: org.eclipse.core.runtime.jobs; bundle-symbolic-name="org.eclipse.core.jobs"; bundle-version="3.13.200.v20221027-1557"; version="0.0.0"
                                          org.eclipse.core.jobs [22]
                                            Unresolved requirement: Require-Bundle: org.eclipse.equinox.common; bundle-version="[3.8.0,4.0.0)"
                                              -> Bundle-SymbolicName: org.eclipse.equinox.common; bundle-version="3.17.0.v20221006-0914"; singleton:="true"
                              Unresolved requirement: Require-Bundle: org.eclipse.equinox.preferences; bundle-version="[3.10.0,4.0.0)"; visibility:="reexport"
                                -> Bundle-SymbolicName: org.eclipse.equinox.preferences; bundle-version="3.10.100.v20220710-1223"; singleton:="true"
                              Unresolved requirement: Require-Bundle: org.eclipse.equinox.common; bundle-version="3.16.0"; visibility:="reexport"
                                -> Bundle-SymbolicName: org.eclipse.equinox.common; bundle-version="3.17.0.v20221006-0914"; singleton:="true"
                              Unresolved requirement: Require-Bundle: org.eclipse.equinox.app; bundle-version="1.6.0"; visibility:="reexport"
                                -> Bundle-SymbolicName: org.eclipse.equinox.app; bundle-version="1.6.200.v20220720-2012"; singleton:="true"
                                   org.eclipse.equinox.app [29]
                                     Unresolved requirement: Require-Bundle: org.eclipse.equinox.registry; bundle-version="[3.4.0,4.0.0)"
                                       -> Bundle-SymbolicName: org.eclipse.equinox.registry; bundle-version="3.11.200.v20220817-1601"; singleton:="true"
                              Unresolved requirement: Require-Bundle: org.eclipse.core.jobs; bundle-version="[3.13.0,4.0.0)"; visibility:="reexport"
                                -> Bundle-SymbolicName: org.eclipse.core.jobs; bundle-version="3.13.200.v20221027-1557"; singleton:="true"
                Unresolved requirement: Require-Bundle: org.eclipse.core.runtime; bundle-version="[3.25.0,4.0.0)"
                  -> Bundle-SymbolicName: org.eclipse.core.runtime; bundle-version="3.26.100.v20221021-0005"; singleton:="true"
         Unresolved requirement: Require-Bundle: org.eclipse.core.expressions; bundle-version="[3.2.0,4.0.0)"
           -> Bundle-SymbolicName: org.eclipse.core.expressions; bundle-version="3.8.200.v20220613-1047"; singleton:="true"
              org.eclipse.core.expressions [19]
                Unresolved requirement: Require-Bundle: org.eclipse.core.runtime; bundle-version="[3.3.0,4.0.0)"
                  -> Bundle-SymbolicName: org.eclipse.core.runtime; bundle-version="3.26.100.v20221021-0005"; singleton:="true"
         Unresolved requirement: Require-Bundle: org.eclipse.core.runtime; bundle-version="[3.26.0,4.0.0)"
           -> Bundle-SymbolicName: org.eclipse.core.runtime; bundle-version="3.26.100.v20221021-0005"; singleton:="true"
         Unresolved requirement: Require-Bundle: org.eclipse.core.filesystem; bundle-version="[1.3.0,2.0.0)"
           -> Bundle-SymbolicName: org.eclipse.core.filesystem; bundle-version="1.9.500.v20220817-1539"; singleton:="true"
              org.eclipse.core.filesystem [21]
                Unresolved requirement: Require-Bundle: org.eclipse.equinox.common; bundle-version="[3.2.0,4.0.0)"
                  -> Bundle-SymbolicName: org.eclipse.equinox.common; bundle-version="3.17.0.v20221006-0914"; singleton:="true"
  Unresolved requirement: Require-Bundle: org.eclipse.core.runtime; bundle-version="[3.13.0,4.0.0)"
    -> Bundle-SymbolicName: org.eclipse.core.runtime; bundle-version="3.26.100.v20221021-0005"; singleton:="true"

	at org.eclipse.osgi.container.Module.start(Module.java:463)
	at org.eclipse.osgi.container.ModuleContainer$ContainerStartLevel$2.run(ModuleContainer.java:1852)
	at org.eclipse.osgi.internal.framework.EquinoxContainerAdaptor$1$1.execute(EquinoxContainerAdaptor.java:136)
	at org.eclipse.osgi.container.ModuleContainer$ContainerStartLevel.incStartLevel(ModuleContainer.java:1845)
	at org.eclipse.osgi.container.ModuleContainer$ContainerStartLevel.incStartLevel(ModuleContainer.java:1786)
	at org.eclipse.osgi.container.ModuleContainer$ContainerStartLevel.doContainerStartLevel(ModuleContainer.java:1750)
	at org.eclipse.osgi.container.ModuleContainer$ContainerStartLevel.dispatchEvent(ModuleContainer.java:1672)
	at org.eclipse.osgi.container.ModuleContainer$ContainerStartLevel.dispatchEvent(ModuleContainer.java:1)
	at org.eclipse.osgi.framework.eventmgr.EventManager.dispatchEvent(EventManager.java:234)
	at org.eclipse.osgi.framework.eventmgr.EventManager$EventThread.run(EventManager.java:345)

!ENTRY org.eclipse.jdt.core.manipulation 4 0 2022-12-22 16:58:07.430
!MESSAGE FrameworkEvent ERROR
!STACK 0
org.osgi.framework.BundleException: Could not resolve module: org.eclipse.jdt.core.manipulation [46]
  Unresolved requirement: Require-Bundle: org.eclipse.core.runtime; bundle-version="[3.11.0,4.0.0)"
    -> Bundle-SymbolicName: org.eclipse.core.runtime; bundle-version="3.26.100.v20221021-0005"; singleton:="true"
       org.eclipse.core.runtime [26]
         Unresolved requirement: Require-Capability: osgi.ee; filter:="(&(osgi.ee=JavaSE)(version=11))"
         Unresolved requirement: Require-Bundle: org.eclipse.core.contenttype; bundle-version="[3.8.0,4.0.0)"; visibility:="reexport"
           -> Bundle-SymbolicName: org.eclipse.core.contenttype; bundle-version="3.8.200.v20220817-1539"; singleton:="true"
              org.eclipse.core.contenttype [18]
                Unresolved requirement: Require-Bundle: org.eclipse.equinox.preferences; bundle-version="[3.2.0,4.0.0)"
                  -> Bundle-SymbolicName: org.eclipse.equinox.preferences; bundle-version="3.10.100.v20220710-1223"; singleton:="true"
                     org.eclipse.equinox.preferences [35]
                       Unresolved requirement: Require-Bundle: org.eclipse.equinox.common; bundle-version="[3.2.0,4.0.0)"
                         -> Bundle-SymbolicName: org.eclipse.equinox.common; bundle-version="3.17.0.v20221006-0914"; singleton:="true"
                            org.eclipse.equinox.common [30]
                              Unresolved requirement: Require-Capability: osgi.ee; filter:="(&(osgi.ee=JavaSE)(version=11))"
         Unresolved requirement: Require-Bundle: org.eclipse.equinox.registry; bundle-version="[3.11.0,4.0.0)"; visibility:="reexport"
           -> Bundle-SymbolicName: org.eclipse.equinox.registry; bundle-version="3.11.200.v20220817-1601"; singleton:="true"
              org.eclipse.equinox.registry [36]
                Unresolved requirement: Require-Bundle: org.eclipse.equinox.common; bundle-version="[3.15.100,4.0.0)"
                  -> Bundle-SymbolicName: org.eclipse.equinox.common; bundle-version="3.17.0.v20221006-0914"; singleton:="true"
                Unresolved requirement: Import-Package: org.eclipse.core.runtime.jobs; resolution:="optional"
                  -> Export-Package: org.eclipse.core.runtime.jobs; bundle-symbolic-name="org.eclipse.core.jobs"; bundle-version="3.13.200.v20221027-1557"; version="0.0.0"
                     org.eclipse.core.jobs [22]
                       Unresolved requirement: Require-Bundle: org.eclipse.equinox.common; bundle-version="[3.8.0,4.0.0)"
                         -> Bundle-SymbolicName: org.eclipse.equinox.common; bundle-version="3.17.0.v20221006-0914"; singleton:="true"
         Unresolved requirement: Require-Bundle: org.eclipse.equinox.preferences; bundle-version="[3.10.0,4.0.0)"; visibility:="reexport"
           -> Bundle-SymbolicName: org.eclipse.equinox.preferences; bundle-version="3.10.100.v20220710-1223"; singleton:="true"
         Unresolved requirement: Require-Bundle: org.eclipse.equinox.common; bundle-version="3.16.0"; visibility:="reexport"
           -> Bundle-SymbolicName: org.eclipse.equinox.common; bundle-version="3.17.0.v20221006-0914"; singleton:="true"
         Unresolved requirement: Require-Bundle: org.eclipse.equinox.app; bundle-version="1.6.0"; visibility:="reexport"
           -> Bundle-SymbolicName: org.eclipse.equinox.app; bundle-version="1.6.200.v20220720-2012"; singleton:="true"
              org.eclipse.equinox.app [29]
                Unresolved requirement: Require-Bundle: org.eclipse.equinox.registry; bundle-version="[3.4.0,4.0.0)"
                  -> Bundle-SymbolicName: org.eclipse.equinox.registry; bundle-version="3.11.200.v20220817-1601"; singleton:="true"
         Unresolved requirement: Require-Bundle: org.eclipse.core.jobs; bundle-version="[3.13.0,4.0.0)"; visibility:="reexport"
           -> Bundle-SymbolicName: org.eclipse.core.jobs; bundle-version="3.13.200.v20221027-1557"; singleton:="true"
  Unresolved requirement: Require-Bundle: org.eclipse.core.expressions; bundle-version="[3.4.100,4.0.0)"
    -> Bundle-SymbolicName: org.eclipse.core.expressions; bundle-version="3.8.200.v20220613-1047"; singleton:="true"
       org.eclipse.core.expressions [19]
         Unresolved requirement: Require-Bundle: org.eclipse.core.runtime; bundle-version="[3.3.0,4.0.0)"
           -> Bundle-SymbolicName: org.eclipse.core.runtime; bundle-version="3.26.100.v20221021-0005"; singleton:="true"
  Unresolved requirement: Require-Bundle: org.eclipse.core.resources; bundle-version="[3.5.0,4.0.0)"
    -> Bundle-SymbolicName: org.eclipse.core.resources; bundle-version="3.18.100.v20221025-2047"; singleton:="true"
       org.eclipse.core.resources [25]
         Unresolved requirement: Require-Bundle: org.eclipse.ant.core; bundle-version="[3.1.0,4.0.0)"; resolution:="optional"
           -> Bundle-SymbolicName: org.eclipse.ant.core; bundle-version="3.6.500.v20220718-1722"; singleton:="true"
              org.eclipse.ant.core [13]
                Unresolved requirement: Require-Bundle: org.eclipse.core.variables; bundle-version="[3.1.0,4.0.0)"
                  -> Bundle-SymbolicName: org.eclipse.core.variables; bundle-version="3.5.100.v20210721-1355"; singleton:="true"
                     org.eclipse.core.variables [27]
                       Unresolved requirement: Require-Bundle: org.eclipse.core.runtime; bundle-version="[3.3.0,4.0.0)"
                         -> Bundle-SymbolicName: org.eclipse.core.runtime; bundle-version="3.26.100.v20221021-0005"; singleton:="true"
                Unresolved requirement: Require-Bundle: org.eclipse.core.runtime; bundle-version="[3.25.0,4.0.0)"
                  -> Bundle-SymbolicName: org.eclipse.core.runtime; bundle-version="3.26.100.v20221021-0005"; singleton:="true"
         Unresolved requirement: Require-Bundle: org.eclipse.core.expressions; bundle-version="[3.2.0,4.0.0)"
           -> Bundle-SymbolicName: org.eclipse.core.expressions; bundle-version="3.8.200.v20220613-1047"; singleton:="true"
         Unresolved requirement: Require-Bundle: org.eclipse.core.runtime; bundle-version="[3.26.0,4.0.0)"
           -> Bundle-SymbolicName: org.eclipse.core.runtime; bundle-version="3.26.100.v20221021-0005"; singleton:="true"
         Unresolved requirement: Require-Bundle: org.eclipse.core.filesystem; bundle-version="[1.3.0,2.0.0)"
           -> Bundle-SymbolicName: org.eclipse.core.filesystem; bundle-version="1.9.500.v20220817-1539"; singleton:="true"
              org.eclipse.core.filesystem [21]
                Unresolved requirement: Require-Bundle: org.eclipse.equinox.common; bundle-version="[3.2.0,4.0.0)"
                  -> Bundle-SymbolicName: org.eclipse.equinox.common; bundle-version="3.17.0.v20221006-0914"; singleton:="true"
  Unresolved requirement: Require-Bundle: org.eclipse.jdt.core; bundle-version="[3.28.0,4.0.0)"
    -> Bundle-SymbolicName: org.eclipse.jdt.core; bundle-version="3.32.0.v20221027-1633"; singleton:="true"
       org.eclipse.jdt.core [45]
         Unresolved requirement: Require-Bundle: org.eclipse.core.resources; bundle-version="[3.18.0,4.0.0)"
           -> Bundle-SymbolicName: org.eclipse.core.resources; bundle-version="3.18.100.v20221025-2047"; singleton:="true"
  Unresolved requirement: Require-Bundle: org.eclipse.ltk.core.refactoring; bundle-version="[3.6.0,4.0.0)"
    -> Bundle-SymbolicName: org.eclipse.ltk.core.refactoring; bundle-version="3.13.0.v20220822-0502"; singleton:="true"
       org.eclipse.ltk.core.refactoring [55]
         Unresolved requirement: Require-Bundle: org.eclipse.core.runtime; bundle-version="[3.25.0,4.0.0)"
           -> Bundle-SymbolicName: org.eclipse.core.runtime; bundle-version="3.26.100.v20221021-0005"; singleton:="true"

	at org.eclipse.osgi.container.Module.start(Module.java:463)
	at org.eclipse.osgi.container.ModuleContainer$ContainerStartLevel$2.run(ModuleContainer.java:1852)
	at org.eclipse.osgi.internal.framework.EquinoxContainerAdaptor$1$1.execute(EquinoxContainerAdaptor.java:136)
	at org.eclipse.osgi.container.ModuleContainer$ContainerStartLevel.incStartLevel(ModuleContainer.java:1845)
	at org.eclipse.osgi.container.ModuleContainer$ContainerStartLevel.incStartLevel(ModuleContainer.java:1786)
	at org.eclipse.osgi.container.ModuleContainer$ContainerStartLevel.doContainerStartLevel(ModuleContainer.java:1750)
	at org.eclipse.osgi.container.ModuleContainer$ContainerStartLevel.dispatchEvent(ModuleContainer.java:1672)
	at org.eclipse.osgi.container.ModuleContainer$ContainerStartLevel.dispatchEvent(ModuleContainer.java:1)
	at org.eclipse.osgi.framework.eventmgr.EventManager.dispatchEvent(EventManager.java:234)
	at org.eclipse.osgi.framework.eventmgr.EventManager$EventThread.run(EventManager.java:345)

!ENTRY org.eclipse.jdt.debug 4 0 2022-12-22 16:58:07.432
!MESSAGE FrameworkEvent ERROR
!STACK 0
org.osgi.framework.BundleException: Could not resolve module: org.eclipse.jdt.debug [47]
  Unresolved requirement: Require-Bundle: org.eclipse.core.runtime; bundle-version="[3.11.0,4.0.0)"
    -> Bundle-SymbolicName: org.eclipse.core.runtime; bundle-version="3.26.100.v20221021-0005"; singleton:="true"
       org.eclipse.core.runtime [26]
         Unresolved requirement: Require-Capability: osgi.ee; filter:="(&(osgi.ee=JavaSE)(version=11))"
         Unresolved requirement: Require-Bundle: org.eclipse.core.contenttype; bundle-version="[3.8.0,4.0.0)"; visibility:="reexport"
           -> Bundle-SymbolicName: org.eclipse.core.contenttype; bundle-version="3.8.200.v20220817-1539"; singleton:="true"
              org.eclipse.core.contenttype [18]
                Unresolved requirement: Require-Bundle: org.eclipse.equinox.preferences; bundle-version="[3.2.0,4.0.0)"
                  -> Bundle-SymbolicName: org.eclipse.equinox.preferences; bundle-version="3.10.100.v20220710-1223"; singleton:="true"
                     org.eclipse.equinox.preferences [35]
                       Unresolved requirement: Require-Bundle: org.eclipse.equinox.common; bundle-version="[3.2.0,4.0.0)"
                         -> Bundle-SymbolicName: org.eclipse.equinox.common; bundle-version="3.17.0.v20221006-0914"; singleton:="true"
                            org.eclipse.equinox.common [30]
                              Unresolved requirement: Require-Capability: osgi.ee; filter:="(&(osgi.ee=JavaSE)(version=11))"
         Unresolved requirement: Require-Bundle: org.eclipse.equinox.registry; bundle-version="[3.11.0,4.0.0)"; visibility:="reexport"
           -> Bundle-SymbolicName: org.eclipse.equinox.registry; bundle-version="3.11.200.v20220817-1601"; singleton:="true"
              org.eclipse.equinox.registry [36]
                Unresolved requirement: Require-Bundle: org.eclipse.equinox.common; bundle-version="[3.15.100,4.0.0)"
                  -> Bundle-SymbolicName: org.eclipse.equinox.common; bundle-version="3.17.0.v20221006-0914"; singleton:="true"
                Unresolved requirement: Import-Package: org.eclipse.core.runtime.jobs; resolution:="optional"
                  -> Export-Package: org.eclipse.core.runtime.jobs; bundle-symbolic-name="org.eclipse.core.jobs"; bundle-version="3.13.200.v20221027-1557"; version="0.0.0"
                     org.eclipse.core.jobs [22]
                       Unresolved requirement: Require-Bundle: org.eclipse.equinox.common; bundle-version="[3.8.0,4.0.0)"
                         -> Bundle-SymbolicName: org.eclipse.equinox.common; bundle-version="3.17.0.v20221006-0914"; singleton:="true"
         Unresolved requirement: Require-Bundle: org.eclipse.equinox.preferences; bundle-version="[3.10.0,4.0.0)"; visibility:="reexport"
           -> Bundle-SymbolicName: org.eclipse.equinox.preferences; bundle-version="3.10.100.v20220710-1223"; singleton:="true"
         Unresolved requirement: Require-Bundle: org.eclipse.equinox.common; bundle-version="3.16.0"; visibility:="reexport"
           -> Bundle-SymbolicName: org.eclipse.equinox.common; bundle-version="3.17.0.v20221006-0914"; singleton:="true"
         Unresolved requirement: Require-Bundle: org.eclipse.equinox.app; bundle-version="1.6.0"; visibility:="reexport"
           -> Bundle-SymbolicName: org.eclipse.equinox.app; bundle-version="1.6.200.v20220720-2012"; singleton:="true"
              org.eclipse.equinox.app [29]
                Unresolved requirement: Require-Bundle: org.eclipse.equinox.registry; bundle-version="[3.4.0,4.0.0)"
                  -> Bundle-SymbolicName: org.eclipse.equinox.registry; bundle-version="3.11.200.v20220817-1601"; singleton:="true"
         Unresolved requirement: Require-Bundle: org.eclipse.core.jobs; bundle-version="[3.13.0,4.0.0)"; visibility:="reexport"
           -> Bundle-SymbolicName: org.eclipse.core.jobs; bundle-version="3.13.200.v20221027-1557"; singleton:="true"
  Unresolved requirement: Require-Bundle: org.eclipse.jdt.core; bundle-version="[3.32.0,4.0.0)"
    -> Bundle-SymbolicName: org.eclipse.jdt.core; bundle-version="3.32.0.v20221027-1633"; singleton:="true"
       org.eclipse.jdt.core [45]
         Unresolved requirement: Require-Bundle: org.eclipse.core.resources; bundle-version="[3.18.0,4.0.0)"
           -> Bundle-SymbolicName: org.eclipse.core.resources; bundle-version="3.18.100.v20221025-2047"; singleton:="true"
              org.eclipse.core.resources [25]
                Unresolved requirement: Require-Bundle: org.eclipse.ant.core; bundle-version="[3.1.0,4.0.0)"; resolution:="optional"
                  -> Bundle-SymbolicName: org.eclipse.ant.core; bundle-version="3.6.500.v20220718-1722"; singleton:="true"
                     org.eclipse.ant.core [13]
                       Unresolved requirement: Require-Bundle: org.eclipse.core.variables; bundle-version="[3.1.0,4.0.0)"
                         -> Bundle-SymbolicName: org.eclipse.core.variables; bundle-version="3.5.100.v20210721-1355"; singleton:="true"
                            org.eclipse.core.variables [27]
                              Unresolved requirement: Require-Capability: osgi.ee; filter:="(&(osgi.ee=JavaSE)(version=11))"
                              Unresolved requirement: Require-Bundle: org.eclipse.core.runtime; bundle-version="[3.3.0,4.0.0)"
                                -> Bundle-SymbolicName: org.eclipse.core.runtime; bundle-version="3.26.100.v20221021-0005"; singleton:="true"
                       Unresolved requirement: Require-Bundle: org.eclipse.core.runtime; bundle-version="[3.25.0,4.0.0)"
                         -> Bundle-SymbolicName: org.eclipse.core.runtime; bundle-version="3.26.100.v20221021-0005"; singleton:="true"
                Unresolved requirement: Require-Bundle: org.eclipse.core.expressions; bundle-version="[3.2.0,4.0.0)"
                  -> Bundle-SymbolicName: org.eclipse.core.expressions; bundle-version="3.8.200.v20220613-1047"; singleton:="true"
                     org.eclipse.core.expressions [19]
                       Unresolved requirement: Require-Bundle: org.eclipse.core.runtime; bundle-version="[3.3.0,4.0.0)"
                         -> Bundle-SymbolicName: org.eclipse.core.runtime; bundle-version="3.26.100.v20221021-0005"; singleton:="true"
                Unresolved requirement: Require-Bundle: org.eclipse.core.runtime; bundle-version="[3.26.0,4.0.0)"
                  -> Bundle-SymbolicName: org.eclipse.core.runtime; bundle-version="3.26.100.v20221021-0005"; singleton:="true"
                Unresolved requirement: Require-Bundle: org.eclipse.core.filesystem; bundle-version="[1.3.0,2.0.0)"
                  -> Bundle-SymbolicName: org.eclipse.core.filesystem; bundle-version="1.9.500.v20220817-1539"; singleton:="true"
                     org.eclipse.core.filesystem [21]
                       Unresolved requirement: Require-Bundle: org.eclipse.equinox.common; bundle-version="[3.2.0,4.0.0)"
                         -> Bundle-SymbolicName: org.eclipse.equinox.common; bundle-version="3.17.0.v20221006-0914"; singleton:="true"
  Unresolved requirement: Require-Bundle: org.eclipse.core.resources; bundle-version="[3.14.0,4.0.0)"
    -> Bundle-SymbolicName: org.eclipse.core.resources; bundle-version="3.18.100.v20221025-2047"; singleton:="true"
  Unresolved requirement: Require-Bundle: org.eclipse.debug.core; bundle-version="[3.12.0,4.0.0)"
    -> Bundle-SymbolicName: org.eclipse.debug.core; bundle-version="3.20.0.v20220811-0741"; singleton:="true"
       org.eclipse.debug.core [28]
         Unresolved requirement: Require-Bundle: org.eclipse.core.resources; bundle-version="[3.18.0,4.0.0)"; visibility:="reexport"
           -> Bundle-SymbolicName: org.eclipse.core.resources; bundle-version="3.18.100.v20221025-2047"; singleton:="true"

	at org.eclipse.osgi.container.Module.start(Module.java:463)
	at org.eclipse.osgi.container.ModuleContainer$ContainerStartLevel$2.run(ModuleContainer.java:1852)
	at org.eclipse.osgi.internal.framework.EquinoxContainerAdaptor$1$1.execute(EquinoxContainerAdaptor.java:136)
	at org.eclipse.osgi.container.ModuleContainer$ContainerStartLevel.incStartLevel(ModuleContainer.java:1845)
	at org.eclipse.osgi.container.ModuleContainer$ContainerStartLevel.incStartLevel(ModuleContainer.java:1786)
	at org.eclipse.osgi.container.ModuleContainer$ContainerStartLevel.doContainerStartLevel(ModuleContainer.java:1750)
	at org.eclipse.osgi.container.ModuleContainer$ContainerStartLevel.dispatchEvent(ModuleContainer.java:1672)
	at org.eclipse.osgi.container.ModuleContainer$ContainerStartLevel.dispatchEvent(ModuleContainer.java:1)
	at org.eclipse.osgi.framework.eventmgr.EventManager.dispatchEvent(EventManager.java:234)
	at org.eclipse.osgi.framework.eventmgr.EventManager$EventThread.run(EventManager.java:345)

!ENTRY org.eclipse.jdt.junit.core 4 0 2022-12-22 16:58:07.435
!MESSAGE FrameworkEvent ERROR
!STACK 0
org.osgi.framework.BundleException: Could not resolve module: org.eclipse.jdt.junit.core [48]
  Unresolved requirement: Require-Bundle: org.eclipse.core.resources; bundle-version="[3.8.100,4.0.0)"
    -> Bundle-SymbolicName: org.eclipse.core.resources; bundle-version="3.18.100.v20221025-2047"; singleton:="true"
       org.eclipse.core.resources [25]
         Unresolved requirement: Require-Bundle: org.eclipse.ant.core; bundle-version="[3.1.0,4.0.0)"; resolution:="optional"
           -> Bundle-SymbolicName: org.eclipse.ant.core; bundle-version="3.6.500.v20220718-1722"; singleton:="true"
              org.eclipse.ant.core [13]
                Unresolved requirement: Require-Bundle: org.eclipse.core.variables; bundle-version="[3.1.0,4.0.0)"
                  -> Bundle-SymbolicName: org.eclipse.core.variables; bundle-version="3.5.100.v20210721-1355"; singleton:="true"
                     org.eclipse.core.variables [27]
                       Unresolved requirement: Require-Bundle: org.eclipse.core.runtime; bundle-version="[3.3.0,4.0.0)"
                         -> Bundle-SymbolicName: org.eclipse.core.runtime; bundle-version="3.26.100.v20221021-0005"; singleton:="true"
                            org.eclipse.core.runtime [26]
                              Unresolved requirement: Require-Capability: osgi.ee; filter:="(&(osgi.ee=JavaSE)(version=11))"
                              Unresolved requirement: Require-Bundle: org.eclipse.core.contenttype; bundle-version="[3.8.0,4.0.0)"; visibility:="reexport"
                                -> Bundle-SymbolicName: org.eclipse.core.contenttype; bundle-version="3.8.200.v20220817-1539"; singleton:="true"
                                   org.eclipse.core.contenttype [18]
                                     Unresolved requirement: Require-Bundle: org.eclipse.equinox.preferences; bundle-version="[3.2.0,4.0.0)"
                                       -> Bundle-SymbolicName: org.eclipse.equinox.preferences; bundle-version="3.10.100.v20220710-1223"; singleton:="true"
                                          org.eclipse.equinox.preferences [35]
                                            Unresolved requirement: Require-Bundle: org.eclipse.equinox.common; bundle-version="[3.2.0,4.0.0)"
                                              -> Bundle-SymbolicName: org.eclipse.equinox.common; bundle-version="3.17.0.v20221006-0914"; singleton:="true"
                                                 org.eclipse.equinox.common [30]
                                                   Unresolved requirement: Require-Capability: osgi.ee; filter:="(&(osgi.ee=JavaSE)(version=11))"
                              Unresolved requirement: Require-Bundle: org.eclipse.equinox.registry; bundle-version="[3.11.0,4.0.0)"; visibility:="reexport"
                                -> Bundle-SymbolicName: org.eclipse.equinox.registry; bundle-version="3.11.200.v20220817-1601"; singleton:="true"
                                   org.eclipse.equinox.registry [36]
                                     Unresolved requirement: Require-Bundle: org.eclipse.equinox.common; bundle-version="[3.15.100,4.0.0)"
                                       -> Bundle-SymbolicName: org.eclipse.equinox.common; bundle-version="3.17.0.v20221006-0914"; singleton:="true"
                                     Unresolved requirement: Import-Package: org.eclipse.core.runtime.jobs; resolution:="optional"
                                       -> Export-Package: org.eclipse.core.runtime.jobs; bundle-symbolic-name="org.eclipse.core.jobs"; bundle-version="3.13.200.v20221027-1557"; version="0.0.0"
                                          org.eclipse.core.jobs [22]
                                            Unresolved requirement: Require-Bundle: org.eclipse.equinox.common; bundle-version="[3.8.0,4.0.0)"
                                              -> Bundle-SymbolicName: org.eclipse.equinox.common; bundle-version="3.17.0.v20221006-0914"; singleton:="true"
                              Unresolved requirement: Require-Bundle: org.eclipse.equinox.preferences; bundle-version="[3.10.0,4.0.0)"; visibility:="reexport"
                                -> Bundle-SymbolicName: org.eclipse.equinox.preferences; bundle-version="3.10.100.v20220710-1223"; singleton:="true"
                              Unresolved requirement: Require-Bundle: org.eclipse.equinox.common; bundle-version="3.16.0"; visibility:="reexport"
                                -> Bundle-SymbolicName: org.eclipse.equinox.common; bundle-version="3.17.0.v20221006-0914"; singleton:="true"
                              Unresolved requirement: Require-Bundle: org.eclipse.equinox.app; bundle-version="1.6.0"; visibility:="reexport"
                                -> Bundle-SymbolicName: org.eclipse.equinox.app; bundle-version="1.6.200.v20220720-2012"; singleton:="true"
                                   org.eclipse.equinox.app [29]
                                     Unresolved requirement: Require-Bundle: org.eclipse.equinox.registry; bundle-version="[3.4.0,4.0.0)"
                                       -> Bundle-SymbolicName: org.eclipse.equinox.registry; bundle-version="3.11.200.v20220817-1601"; singleton:="true"
                              Unresolved requirement: Require-Bundle: org.eclipse.core.jobs; bundle-version="[3.13.0,4.0.0)"; visibility:="reexport"
                                -> Bundle-SymbolicName: org.eclipse.core.jobs; bundle-version="3.13.200.v20221027-1557"; singleton:="true"
                Unresolved requirement: Require-Bundle: org.eclipse.core.runtime; bundle-version="[3.25.0,4.0.0)"
                  -> Bundle-SymbolicName: org.eclipse.core.runtime; bundle-version="3.26.100.v20221021-0005"; singleton:="true"
         Unresolved requirement: Require-Bundle: org.eclipse.core.expressions; bundle-version="[3.2.0,4.0.0)"
           -> Bundle-SymbolicName: org.eclipse.core.expressions; bundle-version="3.8.200.v20220613-1047"; singleton:="true"
              org.eclipse.core.expressions [19]
                Unresolved requirement: Require-Capability: osgi.ee; filter:="(&(osgi.ee=JavaSE)(version=11))"
                Unresolved requirement: Require-Bundle: org.eclipse.core.runtime; bundle-version="[3.3.0,4.0.0)"
                  -> Bundle-SymbolicName: org.eclipse.core.runtime; bundle-version="3.26.100.v20221021-0005"; singleton:="true"
  Unresolved requirement: Require-Bundle: org.eclipse.jdt.core; bundle-version="[3.18.0,4.0.0)"
    -> Bundle-SymbolicName: org.eclipse.jdt.core; bundle-version="3.32.0.v20221027-1633"; singleton:="true"
       org.eclipse.jdt.core [45]
         Unresolved requirement: Require-Bundle: org.eclipse.core.resources; bundle-version="[3.18.0,4.0.0)"
           -> Bundle-SymbolicName: org.eclipse.core.resources; bundle-version="3.18.100.v20221025-2047"; singleton:="true"
  Unresolved requirement: Require-Bundle: org.eclipse.core.runtime; bundle-version="[3.25.0,4.0.0)"
    -> Bundle-SymbolicName: org.eclipse.core.runtime; bundle-version="3.26.100.v20221021-0005"; singleton:="true"
  Unresolved requirement: Require-Bundle: org.eclipse.core.expressions; bundle-version="[3.4.100,4.0.0)"
    -> Bundle-SymbolicName: org.eclipse.core.expressions; bundle-version="3.8.200.v20220613-1047"; singleton:="true"
  Unresolved requirement: Require-Bundle: org.eclipse.debug.core; bundle-version="[3.5.0,4.0.0)"
    -> Bundle-SymbolicName: org.eclipse.debug.core; bundle-version="3.20.0.v20220811-0741"; singleton:="true"
       org.eclipse.debug.core [28]
         Unresolved requirement: Require-Bundle: org.eclipse.core.resources; bundle-version="[3.18.0,4.0.0)"; visibility:="reexport"
           -> Bundle-SymbolicName: org.eclipse.core.resources; bundle-version="3.18.100.v20221025-2047"; singleton:="true"

	at org.eclipse.osgi.container.Module.start(Module.java:463)
	at org.eclipse.osgi.container.ModuleContainer$ContainerStartLevel$2.run(ModuleContainer.java:1852)
	at org.eclipse.osgi.internal.framework.EquinoxContainerAdaptor$1$1.execute(EquinoxContainerAdaptor.java:136)
	at org.eclipse.osgi.container.ModuleContainer$ContainerStartLevel.incStartLevel(ModuleContainer.java:1845)
	at org.eclipse.osgi.container.ModuleContainer$ContainerStartLevel.incStartLevel(ModuleContainer.java:1786)
	at org.eclipse.osgi.container.ModuleContainer$ContainerStartLevel.doContainerStartLevel(ModuleContainer.java:1750)
	at org.eclipse.osgi.container.ModuleContainer$ContainerStartLevel.dispatchEvent(ModuleContainer.java:1672)
	at org.eclipse.osgi.container.ModuleContainer$ContainerStartLevel.dispatchEvent(ModuleContainer.java:1)
	at org.eclipse.osgi.framework.eventmgr.EventManager.dispatchEvent(EventManager.java:234)
	at org.eclipse.osgi.framework.eventmgr.EventManager$EventThread.run(EventManager.java:345)

!ENTRY org.eclipse.jdt.launching 4 0 2022-12-22 16:58:07.437
!MESSAGE FrameworkEvent ERROR
!STACK 0
org.osgi.framework.BundleException: Could not resolve module: org.eclipse.jdt.launching [50]
  Unresolved requirement: Require-Bundle: org.eclipse.core.variables; bundle-version="[3.2.0,4.0.0)"
    -> Bundle-SymbolicName: org.eclipse.core.variables; bundle-version="3.5.100.v20210721-1355"; singleton:="true"
       org.eclipse.core.variables [27]
         Unresolved requirement: Require-Capability: osgi.ee; filter:="(&(osgi.ee=JavaSE)(version=11))"
         Unresolved requirement: Require-Bundle: org.eclipse.core.runtime; bundle-version="[3.3.0,4.0.0)"
           -> Bundle-SymbolicName: org.eclipse.core.runtime; bundle-version="3.26.100.v20221021-0005"; singleton:="true"
              org.eclipse.core.runtime [26]
                Unresolved requirement: Require-Capability: osgi.ee; filter:="(&(osgi.ee=JavaSE)(version=11))"
                Unresolved requirement: Require-Bundle: org.eclipse.core.contenttype; bundle-version="[3.8.0,4.0.0)"; visibility:="reexport"
                  -> Bundle-SymbolicName: org.eclipse.core.contenttype; bundle-version="3.8.200.v20220817-1539"; singleton:="true"
                     org.eclipse.core.contenttype [18]
                       Unresolved requirement: Require-Bundle: org.eclipse.equinox.preferences; bundle-version="[3.2.0,4.0.0)"
                         -> Bundle-SymbolicName: org.eclipse.equinox.preferences; bundle-version="3.10.100.v20220710-1223"; singleton:="true"
                            org.eclipse.equinox.preferences [35]
                              Unresolved requirement: Require-Bundle: org.eclipse.equinox.common; bundle-version="[3.2.0,4.0.0)"
                                -> Bundle-SymbolicName: org.eclipse.equinox.common; bundle-version="3.17.0.v20221006-0914"; singleton:="true"
                                   org.eclipse.equinox.common [30]
                                     Unresolved requirement: Require-Capability: osgi.ee; filter:="(&(osgi.ee=JavaSE)(version=11))"
                Unresolved requirement: Require-Bundle: org.eclipse.equinox.registry; bundle-version="[3.11.0,4.0.0)"; visibility:="reexport"
                  -> Bundle-SymbolicName: org.eclipse.equinox.registry; bundle-version="3.11.200.v20220817-1601"; singleton:="true"
                     org.eclipse.equinox.registry [36]
                       Unresolved requirement: Require-Bundle: org.eclipse.equinox.common; bundle-version="[3.15.100,4.0.0)"
                         -> Bundle-SymbolicName: org.eclipse.equinox.common; bundle-version="3.17.0.v20221006-0914"; singleton:="true"
                       Unresolved requirement: Import-Package: org.eclipse.core.runtime.jobs; resolution:="optional"
                         -> Export-Package: org.eclipse.core.runtime.jobs; bundle-symbolic-name="org.eclipse.core.jobs"; bundle-version="3.13.200.v20221027-1557"; version="0.0.0"
                            org.eclipse.core.jobs [22]
                              Unresolved requirement: Require-Bundle: org.eclipse.equinox.common; bundle-version="[3.8.0,4.0.0)"
                                -> Bundle-SymbolicName: org.eclipse.equinox.common; bundle-version="3.17.0.v20221006-0914"; singleton:="true"
                Unresolved requirement: Require-Bundle: org.eclipse.equinox.preferences; bundle-version="[3.10.0,4.0.0)"; visibility:="reexport"
                  -> Bundle-SymbolicName: org.eclipse.equinox.preferences; bundle-version="3.10.100.v20220710-1223"; singleton:="true"
                Unresolved requirement: Require-Bundle: org.eclipse.equinox.common; bundle-version="3.16.0"; visibility:="reexport"
                  -> Bundle-SymbolicName: org.eclipse.equinox.common; bundle-version="3.17.0.v20221006-0914"; singleton:="true"
                Unresolved requirement: Require-Bundle: org.eclipse.equinox.app; bundle-version="1.6.0"; visibility:="reexport"
                  -> Bundle-SymbolicName: org.eclipse.equinox.app; bundle-version="1.6.200.v20220720-2012"; singleton:="true"
                     org.eclipse.equinox.app [29]
                       Unresolved requirement: Require-Bundle: org.eclipse.equinox.registry; bundle-version="[3.4.0,4.0.0)"
                         -> Bundle-SymbolicName: org.eclipse.equinox.registry; bundle-version="3.11.200.v20220817-1601"; singleton:="true"
                Unresolved requirement: Require-Bundle: org.eclipse.core.jobs; bundle-version="[3.13.0,4.0.0)"; visibility:="reexport"
                  -> Bundle-SymbolicName: org.eclipse.core.jobs; bundle-version="3.13.200.v20221027-1557"; singleton:="true"
  Unresolved requirement: Require-Bundle: org.eclipse.core.resources; bundle-version="[3.14.0,4.0.0)"
    -> Bundle-SymbolicName: org.eclipse.core.resources; bundle-version="3.18.100.v20221025-2047"; singleton:="true"
       org.eclipse.core.resources [25]
         Unresolved requirement: Require-Bundle: org.eclipse.ant.core; bundle-version="[3.1.0,4.0.0)"; resolution:="optional"
           -> Bundle-SymbolicName: org.eclipse.ant.core; bundle-version="3.6.500.v20220718-1722"; singleton:="true"
              org.eclipse.ant.core [13]
                Unresolved requirement: Require-Bundle: org.eclipse.core.variables; bundle-version="[3.1.0,4.0.0)"
                  -> Bundle-SymbolicName: org.eclipse.core.variables; bundle-version="3.5.100.v20210721-1355"; singleton:="true"
                Unresolved requirement: Require-Bundle: org.eclipse.core.runtime; bundle-version="[3.25.0,4.0.0)"
                  -> Bundle-SymbolicName: org.eclipse.core.runtime; bundle-version="3.26.100.v20221021-0005"; singleton:="true"
         Unresolved requirement: Require-Bundle: org.eclipse.core.expressions; bundle-version="[3.2.0,4.0.0)"
           -> Bundle-SymbolicName: org.eclipse.core.expressions; bundle-version="3.8.200.v20220613-1047"; singleton:="true"
              org.eclipse.core.expressions [19]
                Unresolved requirement: Require-Bundle: org.eclipse.core.runtime; bundle-version="[3.3.0,4.0.0)"
                  -> Bundle-SymbolicName: org.eclipse.core.runtime; bundle-version="3.26.100.v20221021-0005"; singleton:="true"
         Unresolved requirement: Require-Bundle: org.eclipse.core.runtime; bundle-version="[3.26.0,4.0.0)"
           -> Bundle-SymbolicName: org.eclipse.core.runtime; bundle-version="3.26.100.v20221021-0005"; singleton:="true"
         Unresolved requirement: Require-Bundle: org.eclipse.core.filesystem; bundle-version="[1.3.0,2.0.0)"
           -> Bundle-SymbolicName: org.eclipse.core.filesystem; bundle-version="1.9.500.v20220817-1539"; singleton:="true"
              org.eclipse.core.filesystem [21]
                Unresolved requirement: Require-Bundle: org.eclipse.equinox.common; bundle-version="[3.2.0,4.0.0)"
                  -> Bundle-SymbolicName: org.eclipse.equinox.common; bundle-version="3.17.0.v20221006-0914"; singleton:="true"
  Unresolved requirement: Require-Bundle: org.eclipse.jdt.core; bundle-version="[3.32.0,4.0.0)"
    -> Bundle-SymbolicName: org.eclipse.jdt.core; bundle-version="3.32.0.v20221027-1633"; singleton:="true"
       org.eclipse.jdt.core [45]
         Unresolved requirement: Require-Bundle: org.eclipse.core.resources; bundle-version="[3.18.0,4.0.0)"
           -> Bundle-SymbolicName: org.eclipse.core.resources; bundle-version="3.18.100.v20221025-2047"; singleton:="true"
  Unresolved requirement: Require-Bundle: org.eclipse.jdt.debug; bundle-version="[3.20.0,4.0.0)"
    -> Bundle-SymbolicName: org.eclipse.jdt.debug; bundle-version="3.20.0.v20220922-0905"; singleton:="true"
       org.eclipse.jdt.debug [47]
         Unresolved requirement: Require-Bundle: org.eclipse.core.resources; bundle-version="[3.14.0,4.0.0)"
           -> Bundle-SymbolicName: org.eclipse.core.resources; bundle-version="3.18.100.v20221025-2047"; singleton:="true"
  Unresolved requirement: Require-Bundle: org.eclipse.debug.core; bundle-version="[3.17.0,4.0.0)"
    -> Bundle-SymbolicName: org.eclipse.debug.core; bundle-version="3.20.0.v20220811-0741"; singleton:="true"
       org.eclipse.debug.core [28]
         Unresolved requirement: Require-Bundle: org.eclipse.core.resources; bundle-version="[3.18.0,4.0.0)"; visibility:="reexport"
           -> Bundle-SymbolicName: org.eclipse.core.resources; bundle-version="3.18.100.v20221025-2047"; singleton:="true"

	at org.eclipse.osgi.container.Module.start(Module.java:463)
	at org.eclipse.osgi.container.ModuleContainer$ContainerStartLevel$2.run(ModuleContainer.java:1852)
	at org.eclipse.osgi.internal.framework.EquinoxContainerAdaptor$1$1.execute(EquinoxContainerAdaptor.java:136)
	at org.eclipse.osgi.container.ModuleContainer$ContainerStartLevel.incStartLevel(ModuleContainer.java:1845)
	at org.eclipse.osgi.container.ModuleContainer$ContainerStartLevel.incStartLevel(ModuleContainer.java:1786)
	at org.eclipse.osgi.container.ModuleContainer$ContainerStartLevel.doContainerStartLevel(ModuleContainer.java:1750)
	at org.eclipse.osgi.container.ModuleContainer$ContainerStartLevel.dispatchEvent(ModuleContainer.java:1672)
	at org.eclipse.osgi.container.ModuleContainer$ContainerStartLevel.dispatchEvent(ModuleContainer.java:1)
	at org.eclipse.osgi.framework.eventmgr.EventManager.dispatchEvent(EventManager.java:234)
	at org.eclipse.osgi.framework.eventmgr.EventManager$EventThread.run(EventManager.java:345)

!ENTRY org.eclipse.ltk.core.refactoring 4 0 2022-12-22 16:58:07.440
!MESSAGE FrameworkEvent ERROR
!STACK 0
org.osgi.framework.BundleException: Could not resolve module: org.eclipse.ltk.core.refactoring [55]
  Unresolved requirement: Require-Capability: osgi.ee; filter:="(&(osgi.ee=JavaSE)(version=11))"
  Unresolved requirement: Require-Bundle: org.eclipse.core.expressions; bundle-version="[3.4.100,4.0.0)"
    -> Bundle-SymbolicName: org.eclipse.core.expressions; bundle-version="3.8.200.v20220613-1047"; singleton:="true"
       org.eclipse.core.expressions [19]
         Unresolved requirement: Require-Bundle: org.eclipse.core.runtime; bundle-version="[3.3.0,4.0.0)"
           -> Bundle-SymbolicName: org.eclipse.core.runtime; bundle-version="3.26.100.v20221021-0005"; singleton:="true"
              org.eclipse.core.runtime [26]
                Unresolved requirement: Require-Capability: osgi.ee; filter:="(&(osgi.ee=JavaSE)(version=11))"
                Unresolved requirement: Require-Bundle: org.eclipse.core.contenttype; bundle-version="[3.8.0,4.0.0)"; visibility:="reexport"
                  -> Bundle-SymbolicName: org.eclipse.core.contenttype; bundle-version="3.8.200.v20220817-1539"; singleton:="true"
                     org.eclipse.core.contenttype [18]
                       Unresolved requirement: Require-Bundle: org.eclipse.equinox.preferences; bundle-version="[3.2.0,4.0.0)"
                         -> Bundle-SymbolicName: org.eclipse.equinox.preferences; bundle-version="3.10.100.v20220710-1223"; singleton:="true"
                            org.eclipse.equinox.preferences [35]
                              Unresolved requirement: Require-Bundle: org.eclipse.equinox.common; bundle-version="[3.2.0,4.0.0)"
                                -> Bundle-SymbolicName: org.eclipse.equinox.common; bundle-version="3.17.0.v20221006-0914"; singleton:="true"
                                   org.eclipse.equinox.common [30]
                                     Unresolved requirement: Require-Capability: osgi.ee; filter:="(&(osgi.ee=JavaSE)(version=11))"
                Unresolved requirement: Require-Bundle: org.eclipse.equinox.registry; bundle-version="[3.11.0,4.0.0)"; visibility:="reexport"
                  -> Bundle-SymbolicName: org.eclipse.equinox.registry; bundle-version="3.11.200.v20220817-1601"; singleton:="true"
                     org.eclipse.equinox.registry [36]
                       Unresolved requirement: Require-Bundle: org.eclipse.equinox.common; bundle-version="[3.15.100,4.0.0)"
                         -> Bundle-SymbolicName: org.eclipse.equinox.common; bundle-version="3.17.0.v20221006-0914"; singleton:="true"
                       Unresolved requirement: Import-Package: org.eclipse.core.runtime.jobs; resolution:="optional"
                         -> Export-Package: org.eclipse.core.runtime.jobs; bundle-symbolic-name="org.eclipse.core.jobs"; bundle-version="3.13.200.v20221027-1557"; version="0.0.0"
                            org.eclipse.core.jobs [22]
                              Unresolved requirement: Require-Bundle: org.eclipse.equinox.common; bundle-version="[3.8.0,4.0.0)"
                                -> Bundle-SymbolicName: org.eclipse.equinox.common; bundle-version="3.17.0.v20221006-0914"; singleton:="true"
                Unresolved requirement: Require-Bundle: org.eclipse.equinox.preferences; bundle-version="[3.10.0,4.0.0)"; visibility:="reexport"
                  -> Bundle-SymbolicName: org.eclipse.equinox.preferences; bundle-version="3.10.100.v20220710-1223"; singleton:="true"
                Unresolved requirement: Require-Bundle: org.eclipse.equinox.common; bundle-version="3.16.0"; visibility:="reexport"
                  -> Bundle-SymbolicName: org.eclipse.equinox.common; bundle-version="3.17.0.v20221006-0914"; singleton:="true"
                Unresolved requirement: Require-Bundle: org.eclipse.equinox.app; bundle-version="1.6.0"; visibility:="reexport"
                  -> Bundle-SymbolicName: org.eclipse.equinox.app; bundle-version="1.6.200.v20220720-2012"; singleton:="true"
                     org.eclipse.equinox.app [29]
                       Unresolved requirement: Require-Bundle: org.eclipse.equinox.registry; bundle-version="[3.4.0,4.0.0)"
                         -> Bundle-SymbolicName: org.eclipse.equinox.registry; bundle-version="3.11.200.v20220817-1601"; singleton:="true"
                Unresolved requirement: Require-Bundle: org.eclipse.core.jobs; bundle-version="[3.13.0,4.0.0)"; visibility:="reexport"
                  -> Bundle-SymbolicName: org.eclipse.core.jobs; bundle-version="3.13.200.v20221027-1557"; singleton:="true"
  Unresolved requirement: Require-Bundle: org.eclipse.core.resources; bundle-version="[3.16.0,4.0.0)"
    -> Bundle-SymbolicName: org.eclipse.core.resources; bundle-version="3.18.100.v20221025-2047"; singleton:="true"
       org.eclipse.core.resources [25]
         Unresolved requirement: Require-Bundle: org.eclipse.ant.core; bundle-version="[3.1.0,4.0.0)"; resolution:="optional"
           -> Bundle-SymbolicName: org.eclipse.ant.core; bundle-version="3.6.500.v20220718-1722"; singleton:="true"
              org.eclipse.ant.core [13]
                Unresolved requirement: Require-Bundle: org.eclipse.core.variables; bundle-version="[3.1.0,4.0.0)"
                  -> Bundle-SymbolicName: org.eclipse.core.variables; bundle-version="3.5.100.v20210721-1355"; singleton:="true"
                     org.eclipse.core.variables [27]
                       Unresolved requirement: Require-Bundle: org.eclipse.core.runtime; bundle-version="[3.3.0,4.0.0)"
                         -> Bundle-SymbolicName: org.eclipse.core.runtime; bundle-version="3.26.100.v20221021-0005"; singleton:="true"
                Unresolved requirement: Require-Bundle: org.eclipse.core.runtime; bundle-version="[3.25.0,4.0.0)"
                  -> Bundle-SymbolicName: org.eclipse.core.runtime; bundle-version="3.26.100.v20221021-0005"; singleton:="true"
         Unresolved requirement: Require-Bundle: org.eclipse.core.expressions; bundle-version="[3.2.0,4.0.0)"
           -> Bundle-SymbolicName: org.eclipse.core.expressions; bundle-version="3.8.200.v20220613-1047"; singleton:="true"
  Unresolved requirement: Require-Bundle: org.eclipse.core.runtime; bundle-version="[3.25.0,4.0.0)"
    -> Bundle-SymbolicName: org.eclipse.core.runtime; bundle-version="3.26.100.v20221021-0005"; singleton:="true"
  Unresolved requirement: Require-Bundle: org.eclipse.core.filesystem; bundle-version="[1.2.0,2.0.0)"
    -> Bundle-SymbolicName: org.eclipse.core.filesystem; bundle-version="1.9.500.v20220817-1539"; singleton:="true"
       org.eclipse.core.filesystem [21]
         Unresolved requirement: Require-Bundle: org.eclipse.equinox.common; bundle-version="[3.2.0,4.0.0)"
           -> Bundle-SymbolicName: org.eclipse.equinox.common; bundle-version="3.17.0.v20221006-0914"; singleton:="true"
  Unresolved requirement: Require-Bundle: org.eclipse.text; bundle-version="[3.5.0,4.0.0)"
    -> Bundle-SymbolicName: org.eclipse.text; bundle-version="3.12.300.v20220921-1010"
       org.eclipse.text [63]
         Unresolved requirement: Require-Bundle: org.eclipse.core.commands; bundle-version="[3.5.0,4.0.0)"
           -> Bundle-SymbolicName: org.eclipse.core.commands; bundle-version="3.10.300.v20221024-2137"
              org.eclipse.core.commands [17]
                Unresolved requirement: Require-Bundle: org.eclipse.equinox.common; bundle-version="[3.2.0,4.0.0)"
                  -> Bundle-SymbolicName: org.eclipse.equinox.common; bundle-version="3.17.0.v20221006-0914"; singleton:="true"
  Unresolved requirement: Require-Bundle: org.eclipse.core.filebuffers; bundle-version="[3.5.0,4.0.0)"
    -> Bundle-SymbolicName: org.eclipse.core.filebuffers; bundle-version="3.7.200.v20220202-1008"; singleton:="true"
       org.eclipse.core.filebuffers [20]
         Unresolved requirement: Require-Bundle: org.eclipse.core.runtime; bundle-version="[3.7.0,4.0.0)"
           -> Bundle-SymbolicName: org.eclipse.core.runtime; bundle-version="3.26.100.v20221021-0005"; singleton:="true"
  Unresolved requirement: Require-Bundle: org.eclipse.core.commands; bundle-version="[3.5.0,4.0.0)"
    -> Bundle-SymbolicName: org.eclipse.core.commands; bundle-version="3.10.300.v20221024-2137"

	at org.eclipse.osgi.container.Module.start(Module.java:463)
	at org.eclipse.osgi.container.ModuleContainer$ContainerStartLevel$2.run(ModuleContainer.java:1852)
	at org.eclipse.osgi.internal.framework.EquinoxContainerAdaptor$1$1.execute(EquinoxContainerAdaptor.java:136)
	at org.eclipse.osgi.container.ModuleContainer$ContainerStartLevel.incStartLevel(ModuleContainer.java:1845)
	at org.eclipse.osgi.container.ModuleContainer$ContainerStartLevel.incStartLevel(ModuleContainer.java:1786)
	at org.eclipse.osgi.container.ModuleContainer$ContainerStartLevel.doContainerStartLevel(ModuleContainer.java:1750)
	at org.eclipse.osgi.container.ModuleContainer$ContainerStartLevel.dispatchEvent(ModuleContainer.java:1672)
	at org.eclipse.osgi.container.ModuleContainer$ContainerStartLevel.dispatchEvent(ModuleContainer.java:1)
	at org.eclipse.osgi.framework.eventmgr.EventManager.dispatchEvent(EventManager.java:234)
	at org.eclipse.osgi.framework.eventmgr.EventManager$EventThread.run(EventManager.java:345)

!ENTRY org.eclipse.m2e.apt.core 4 0 2022-12-22 16:58:07.443
!MESSAGE FrameworkEvent ERROR
!STACK 0
org.osgi.framework.BundleException: Could not resolve module: org.eclipse.m2e.apt.core [56]
  Unresolved requirement: Require-Capability: osgi.ee; filter:="(&(osgi.ee=JavaSE)(version=17))"
  Unresolved requirement: Require-Bundle: org.eclipse.core.resources
    -> Bundle-SymbolicName: org.eclipse.core.resources; bundle-version="3.18.100.v20221025-2047"; singleton:="true"
       org.eclipse.core.resources [25]
         Unresolved requirement: Require-Bundle: org.eclipse.ant.core; bundle-version="[3.1.0,4.0.0)"; resolution:="optional"
           -> Bundle-SymbolicName: org.eclipse.ant.core; bundle-version="3.6.500.v20220718-1722"; singleton:="true"
              org.eclipse.ant.core [13]
                Unresolved requirement: Require-Bundle: org.eclipse.core.variables; bundle-version="[3.1.0,4.0.0)"
                  -> Bundle-SymbolicName: org.eclipse.core.variables; bundle-version="3.5.100.v20210721-1355"; singleton:="true"
                     org.eclipse.core.variables [27]
                       Unresolved requirement: Require-Bundle: org.eclipse.core.runtime; bundle-version="[3.3.0,4.0.0)"
                         -> Bundle-SymbolicName: org.eclipse.core.runtime; bundle-version="3.26.100.v20221021-0005"; singleton:="true"
                            org.eclipse.core.runtime [26]
                              Unresolved requirement: Require-Capability: osgi.ee; filter:="(&(osgi.ee=JavaSE)(version=11))"
                              Unresolved requirement: Require-Bundle: org.eclipse.core.contenttype; bundle-version="[3.8.0,4.0.0)"; visibility:="reexport"
                                -> Bundle-SymbolicName: org.eclipse.core.contenttype; bundle-version="3.8.200.v20220817-1539"; singleton:="true"
                                   org.eclipse.core.contenttype [18]
                                     Unresolved requirement: Require-Bundle: org.eclipse.equinox.preferences; bundle-version="[3.2.0,4.0.0)"
                                       -> Bundle-SymbolicName: org.eclipse.equinox.preferences; bundle-version="3.10.100.v20220710-1223"; singleton:="true"
                                          org.eclipse.equinox.preferences [35]
                                            Unresolved requirement: Require-Bundle: org.eclipse.equinox.common; bundle-version="[3.2.0,4.0.0)"
                                              -> Bundle-SymbolicName: org.eclipse.equinox.common; bundle-version="3.17.0.v20221006-0914"; singleton:="true"
                                                 org.eclipse.equinox.common [30]
                                                   Unresolved requirement: Require-Capability: osgi.ee; filter:="(&(osgi.ee=JavaSE)(version=11))"
                              Unresolved requirement: Require-Bundle: org.eclipse.equinox.registry; bundle-version="[3.11.0,4.0.0)"; visibility:="reexport"
                                -> Bundle-SymbolicName: org.eclipse.equinox.registry; bundle-version="3.11.200.v20220817-1601"; singleton:="true"
                                   org.eclipse.equinox.registry [36]
                                     Unresolved requirement: Require-Bundle: org.eclipse.equinox.common; bundle-version="[3.15.100,4.0.0)"
                                       -> Bundle-SymbolicName: org.eclipse.equinox.common; bundle-version="3.17.0.v20221006-0914"; singleton:="true"
                                     Unresolved requirement: Import-Package: org.eclipse.core.runtime.jobs; resolution:="optional"
                                       -> Export-Package: org.eclipse.core.runtime.jobs; bundle-symbolic-name="org.eclipse.core.jobs"; bundle-version="3.13.200.v20221027-1557"; version="0.0.0"
                                          org.eclipse.core.jobs [22]
                                            Unresolved requirement: Require-Bundle: org.eclipse.equinox.common; bundle-version="[3.8.0,4.0.0)"
                                              -> Bundle-SymbolicName: org.eclipse.equinox.common; bundle-version="3.17.0.v20221006-0914"; singleton:="true"
                              Unresolved requirement: Require-Bundle: org.eclipse.equinox.preferences; bundle-version="[3.10.0,4.0.0)"; visibility:="reexport"
                                -> Bundle-SymbolicName: org.eclipse.equinox.preferences; bundle-version="3.10.100.v20220710-1223"; singleton:="true"
                              Unresolved requirement: Require-Bundle: org.eclipse.equinox.common; bundle-version="3.16.0"; visibility:="reexport"
                                -> Bundle-SymbolicName: org.eclipse.equinox.common; bundle-version="3.17.0.v20221006-0914"; singleton:="true"
                              Unresolved requirement: Require-Bundle: org.eclipse.equinox.app; bundle-version="1.6.0"; visibility:="reexport"
                                -> Bundle-SymbolicName: org.eclipse.equinox.app; bundle-version="1.6.200.v20220720-2012"; singleton:="true"
                                   org.eclipse.equinox.app [29]
                                     Unresolved requirement: Require-Bundle: org.eclipse.equinox.registry; bundle-version="[3.4.0,4.0.0)"
                                       -> Bundle-SymbolicName: org.eclipse.equinox.registry; bundle-version="3.11.200.v20220817-1601"; singleton:="true"
                              Unresolved requirement: Require-Bundle: org.eclipse.core.jobs; bundle-version="[3.13.0,4.0.0)"; visibility:="reexport"
                                -> Bundle-SymbolicName: org.eclipse.core.jobs; bundle-version="3.13.200.v20221027-1557"; singleton:="true"
                Unresolved requirement: Require-Bundle: org.eclipse.core.runtime; bundle-version="[3.25.0,4.0.0)"
                  -> Bundle-SymbolicName: org.eclipse.core.runtime; bundle-version="3.26.100.v20221021-0005"; singleton:="true"
         Unresolved requirement: Require-Bundle: org.eclipse.core.expressions; bundle-version="[3.2.0,4.0.0)"
           -> Bundle-SymbolicName: org.eclipse.core.expressions; bundle-version="3.8.200.v20220613-1047"; singleton:="true"
              org.eclipse.core.expressions [19]
                Unresolved requirement: Require-Bundle: org.eclipse.core.runtime; bundle-version="[3.3.0,4.0.0)"
                  -> Bundle-SymbolicName: org.eclipse.core.runtime; bundle-version="3.26.100.v20221021-0005"; singleton:="true"
         Unresolved requirement: Require-Bundle: org.eclipse.core.runtime; bundle-version="[3.26.0,4.0.0)"
           -> Bundle-SymbolicName: org.eclipse.core.runtime; bundle-version="3.26.100.v20221021-0005"; singleton:="true"
         Unresolved requirement: Require-Bundle: org.eclipse.core.filesystem; bundle-version="[1.3.0,2.0.0)"
           -> Bundle-SymbolicName: org.eclipse.core.filesystem; bundle-version="1.9.500.v20220817-1539"; singleton:="true"
              org.eclipse.core.filesystem [21]
                Unresolved requirement: Require-Bundle: org.eclipse.equinox.common; bundle-version="[3.2.0,4.0.0)"
                  -> Bundle-SymbolicName: org.eclipse.equinox.common; bundle-version="3.17.0.v20221006-0914"; singleton:="true"
  Unresolved requirement: Require-Bundle: org.eclipse.m2e.jdt; bundle-version="[2.0.0,3.0.0)"
    -> Bundle-SymbolicName: org.eclipse.m2e.jdt; bundle-version="2.0.0.20220706-1958"; singleton:="true"
       org.eclipse.m2e.jdt [58]
         Unresolved requirement: Require-Bundle: org.eclipse.core.runtime
           -> Bundle-SymbolicName: org.eclipse.core.runtime; bundle-version="3.26.100.v20221021-0005"; singleton:="true"
  Unresolved requirement: Require-Bundle: org.eclipse.m2e.core; bundle-version="[2.0.0,3.0.0)"
    -> Bundle-SymbolicName: org.eclipse.m2e.core; bundle-version="2.0.0.20220711-1014"; singleton:="true"
       org.eclipse.m2e.core [57]
         Unresolved requirement: Require-Bundle: org.eclipse.core.runtime; bundle-version="3.12.0"
           -> Bundle-SymbolicName: org.eclipse.core.runtime; bundle-version="3.26.100.v20221021-0005"; singleton:="true"
  Unresolved requirement: Require-Bundle: org.eclipse.core.runtime
    -> Bundle-SymbolicName: org.eclipse.core.runtime; bundle-version="3.26.100.v20221021-0005"; singleton:="true"
  Unresolved requirement: Require-Bundle: org.eclipse.jdt.apt.core
    -> Bundle-SymbolicName: org.eclipse.jdt.apt.core; bundle-version="3.7.50.v20210914-1429"; singleton:="true"
       org.eclipse.jdt.apt.core [41]
         Unresolved requirement: Require-Bundle: org.eclipse.jdt.core; bundle-version="[3.27.0,4.0.0)"
           -> Bundle-SymbolicName: org.eclipse.jdt.core; bundle-version="3.32.0.v20221027-1633"; singleton:="true"
              org.eclipse.jdt.core [45]
                Unresolved requirement: Require-Bundle: org.eclipse.core.resources; bundle-version="[3.18.0,4.0.0)"
                  -> Bundle-SymbolicName: org.eclipse.core.resources; bundle-version="3.18.100.v20221025-2047"; singleton:="true"
  Unresolved requirement: Require-Bundle: org.eclipse.jdt.core
    -> Bundle-SymbolicName: org.eclipse.jdt.core; bundle-version="3.32.0.v20221027-1633"; singleton:="true"

	at org.eclipse.osgi.container.Module.start(Module.java:463)
	at org.eclipse.osgi.container.ModuleContainer$ContainerStartLevel$2.run(ModuleContainer.java:1852)
	at org.eclipse.osgi.internal.framework.EquinoxContainerAdaptor$1$1.execute(EquinoxContainerAdaptor.java:136)
	at org.eclipse.osgi.container.ModuleContainer$ContainerStartLevel.incStartLevel(ModuleContainer.java:1845)
	at org.eclipse.osgi.container.ModuleContainer$ContainerStartLevel.incStartLevel(ModuleContainer.java:1786)
	at org.eclipse.osgi.container.ModuleContainer$ContainerStartLevel.doContainerStartLevel(ModuleContainer.java:1750)
	at org.eclipse.osgi.container.ModuleContainer$ContainerStartLevel.dispatchEvent(ModuleContainer.java:1672)
	at org.eclipse.osgi.container.ModuleContainer$ContainerStartLevel.dispatchEvent(ModuleContainer.java:1)
	at org.eclipse.osgi.framework.eventmgr.EventManager.dispatchEvent(EventManager.java:234)
	at org.eclipse.osgi.framework.eventmgr.EventManager$EventThread.run(EventManager.java:345)

!ENTRY org.eclipse.m2e.core 4 0 2022-12-22 16:58:07.448
!MESSAGE FrameworkEvent ERROR
!STACK 0
org.osgi.framework.BundleException: Could not resolve module: org.eclipse.m2e.core [57]
  Unresolved requirement: Require-Bundle: org.eclipse.core.filesystem; bundle-version="1.7.700"
    -> Bundle-SymbolicName: org.eclipse.core.filesystem; bundle-version="1.9.500.v20220817-1539"; singleton:="true"
       org.eclipse.core.filesystem [21]
         Unresolved requirement: Require-Bundle: org.eclipse.equinox.common; bundle-version="[3.2.0,4.0.0)"
           -> Bundle-SymbolicName: org.eclipse.equinox.common; bundle-version="3.17.0.v20221006-0914"; singleton:="true"
              org.eclipse.equinox.common [30]
                Unresolved requirement: Require-Capability: osgi.ee; filter:="(&(osgi.ee=JavaSE)(version=11))"
  Unresolved requirement: Require-Bundle: org.eclipse.core.resources; bundle-version="3.9.0"
    -> Bundle-SymbolicName: org.eclipse.core.resources; bundle-version="3.18.100.v20221025-2047"; singleton:="true"
       org.eclipse.core.resources [25]
         Unresolved requirement: Require-Bundle: org.eclipse.ant.core; bundle-version="[3.1.0,4.0.0)"; resolution:="optional"
           -> Bundle-SymbolicName: org.eclipse.ant.core; bundle-version="3.6.500.v20220718-1722"; singleton:="true"
              org.eclipse.ant.core [13]
                Unresolved requirement: Require-Bundle: org.eclipse.core.variables; bundle-version="[3.1.0,4.0.0)"
                  -> Bundle-SymbolicName: org.eclipse.core.variables; bundle-version="3.5.100.v20210721-1355"; singleton:="true"
                     org.eclipse.core.variables [27]
                       Unresolved requirement: Require-Bundle: org.eclipse.core.runtime; bundle-version="[3.3.0,4.0.0)"
                         -> Bundle-SymbolicName: org.eclipse.core.runtime; bundle-version="3.26.100.v20221021-0005"; singleton:="true"
                            org.eclipse.core.runtime [26]
                              Unresolved requirement: Require-Capability: osgi.ee; filter:="(&(osgi.ee=JavaSE)(version=11))"
                              Unresolved requirement: Require-Bundle: org.eclipse.core.contenttype; bundle-version="[3.8.0,4.0.0)"; visibility:="reexport"
                                -> Bundle-SymbolicName: org.eclipse.core.contenttype; bundle-version="3.8.200.v20220817-1539"; singleton:="true"
                                   org.eclipse.core.contenttype [18]
                                     Unresolved requirement: Require-Bundle: org.eclipse.equinox.preferences; bundle-version="[3.2.0,4.0.0)"
                                       -> Bundle-SymbolicName: org.eclipse.equinox.preferences; bundle-version="3.10.100.v20220710-1223"; singleton:="true"
                                          org.eclipse.equinox.preferences [35]
                                            Unresolved requirement: Require-Bundle: org.eclipse.equinox.common; bundle-version="[3.2.0,4.0.0)"
                                              -> Bundle-SymbolicName: org.eclipse.equinox.common; bundle-version="3.17.0.v20221006-0914"; singleton:="true"
                              Unresolved requirement: Require-Bundle: org.eclipse.equinox.registry; bundle-version="[3.11.0,4.0.0)"; visibility:="reexport"
                                -> Bundle-SymbolicName: org.eclipse.equinox.registry; bundle-version="3.11.200.v20220817-1601"; singleton:="true"
                                   org.eclipse.equinox.registry [36]
                                     Unresolved requirement: Require-Bundle: org.eclipse.equinox.common; bundle-version="[3.15.100,4.0.0)"
                                       -> Bundle-SymbolicName: org.eclipse.equinox.common; bundle-version="3.17.0.v20221006-0914"; singleton:="true"
                                     Unresolved requirement: Import-Package: org.eclipse.core.runtime.jobs; resolution:="optional"
                                       -> Export-Package: org.eclipse.core.runtime.jobs; bundle-symbolic-name="org.eclipse.core.jobs"; bundle-version="3.13.200.v20221027-1557"; version="0.0.0"
                                          org.eclipse.core.jobs [22]
                                            Unresolved requirement: Require-Bundle: org.eclipse.equinox.common; bundle-version="[3.8.0,4.0.0)"
                                              -> Bundle-SymbolicName: org.eclipse.equinox.common; bundle-version="3.17.0.v20221006-0914"; singleton:="true"
                              Unresolved requirement: Require-Bundle: org.eclipse.equinox.preferences; bundle-version="[3.10.0,4.0.0)"; visibility:="reexport"
                                -> Bundle-SymbolicName: org.eclipse.equinox.preferences; bundle-version="3.10.100.v20220710-1223"; singleton:="true"
                              Unresolved requirement: Require-Bundle: org.eclipse.equinox.common; bundle-version="3.16.0"; visibility:="reexport"
                                -> Bundle-SymbolicName: org.eclipse.equinox.common; bundle-version="3.17.0.v20221006-0914"; singleton:="true"
                              Unresolved requirement: Require-Bundle: org.eclipse.equinox.app; bundle-version="1.6.0"; visibility:="reexport"
                                -> Bundle-SymbolicName: org.eclipse.equinox.app; bundle-version="1.6.200.v20220720-2012"; singleton:="true"
                                   org.eclipse.equinox.app [29]
                                     Unresolved requirement: Require-Bundle: org.eclipse.equinox.registry; bundle-version="[3.4.0,4.0.0)"
                                       -> Bundle-SymbolicName: org.eclipse.equinox.registry; bundle-version="3.11.200.v20220817-1601"; singleton:="true"
                              Unresolved requirement: Require-Bundle: org.eclipse.core.jobs; bundle-version="[3.13.0,4.0.0)"; visibility:="reexport"
                                -> Bundle-SymbolicName: org.eclipse.core.jobs; bundle-version="3.13.200.v20221027-1557"; singleton:="true"
                Unresolved requirement: Require-Bundle: org.eclipse.core.runtime; bundle-version="[3.25.0,4.0.0)"
                  -> Bundle-SymbolicName: org.eclipse.core.runtime; bundle-version="3.26.100.v20221021-0005"; singleton:="true"
         Unresolved requirement: Require-Bundle: org.eclipse.core.expressions; bundle-version="[3.2.0,4.0.0)"
           -> Bundle-SymbolicName: org.eclipse.core.expressions; bundle-version="3.8.200.v20220613-1047"; singleton:="true"
              org.eclipse.core.expressions [19]
                Unresolved requirement: Require-Bundle: org.eclipse.core.runtime; bundle-version="[3.3.0,4.0.0)"
                  -> Bundle-SymbolicName: org.eclipse.core.runtime; bundle-version="3.26.100.v20221021-0005"; singleton:="true"
         Unresolved requirement: Require-Bundle: org.eclipse.core.runtime; bundle-version="[3.26.0,4.0.0)"
           -> Bundle-SymbolicName: org.eclipse.core.runtime; bundle-version="3.26.100.v20221021-0005"; singleton:="true"
         Unresolved requirement: Require-Bundle: org.eclipse.core.filesystem; bundle-version="[1.3.0,2.0.0)"
           -> Bundle-SymbolicName: org.eclipse.core.filesystem; bundle-version="1.9.500.v20220817-1539"; singleton:="true"
  Unresolved requirement: Require-Bundle: org.eclipse.core.runtime; bundle-version="3.12.0"
    -> Bundle-SymbolicName: org.eclipse.core.runtime; bundle-version="3.26.100.v20221021-0005"; singleton:="true"

	at org.eclipse.osgi.container.Module.start(Module.java:463)
	at org.eclipse.osgi.container.ModuleContainer$ContainerStartLevel$2.run(ModuleContainer.java:1852)
	at org.eclipse.osgi.internal.framework.EquinoxContainerAdaptor$1$1.execute(EquinoxContainerAdaptor.java:136)
	at org.eclipse.osgi.container.ModuleContainer$ContainerStartLevel.incStartLevel(ModuleContainer.java:1845)
	at org.eclipse.osgi.container.ModuleContainer$ContainerStartLevel.incStartLevel(ModuleContainer.java:1786)
	at org.eclipse.osgi.container.ModuleContainer$ContainerStartLevel.doContainerStartLevel(ModuleContainer.java:1750)
	at org.eclipse.osgi.container.ModuleContainer$ContainerStartLevel.dispatchEvent(ModuleContainer.java:1672)
	at org.eclipse.osgi.container.ModuleContainer$ContainerStartLevel.dispatchEvent(ModuleContainer.java:1)
	at org.eclipse.osgi.framework.eventmgr.EventManager.dispatchEvent(EventManager.java:234)
	at org.eclipse.osgi.framework.eventmgr.EventManager$EventThread.run(EventManager.java:345)

!ENTRY org.eclipse.m2e.jdt 4 0 2022-12-22 16:58:07.450
!MESSAGE FrameworkEvent ERROR
!STACK 0
org.osgi.framework.BundleException: Could not resolve module: org.eclipse.m2e.jdt [58]
  Unresolved requirement: Require-Bundle: org.eclipse.core.runtime
    -> Bundle-SymbolicName: org.eclipse.core.runtime; bundle-version="3.26.100.v20221021-0005"; singleton:="true"
       org.eclipse.core.runtime [26]
         Unresolved requirement: Require-Capability: osgi.ee; filter:="(&(osgi.ee=JavaSE)(version=11))"
         Unresolved requirement: Require-Bundle: org.eclipse.core.contenttype; bundle-version="[3.8.0,4.0.0)"; visibility:="reexport"
           -> Bundle-SymbolicName: org.eclipse.core.contenttype; bundle-version="3.8.200.v20220817-1539"; singleton:="true"
              org.eclipse.core.contenttype [18]
                Unresolved requirement: Require-Bundle: org.eclipse.equinox.preferences; bundle-version="[3.2.0,4.0.0)"
                  -> Bundle-SymbolicName: org.eclipse.equinox.preferences; bundle-version="3.10.100.v20220710-1223"; singleton:="true"
                     org.eclipse.equinox.preferences [35]
                       Unresolved requirement: Require-Bundle: org.eclipse.equinox.common; bundle-version="[3.2.0,4.0.0)"
                         -> Bundle-SymbolicName: org.eclipse.equinox.common; bundle-version="3.17.0.v20221006-0914"; singleton:="true"
                            org.eclipse.equinox.common [30]
                              Unresolved requirement: Require-Capability: osgi.ee; filter:="(&(osgi.ee=JavaSE)(version=11))"
         Unresolved requirement: Require-Bundle: org.eclipse.equinox.registry; bundle-version="[3.11.0,4.0.0)"; visibility:="reexport"
           -> Bundle-SymbolicName: org.eclipse.equinox.registry; bundle-version="3.11.200.v20220817-1601"; singleton:="true"
              org.eclipse.equinox.registry [36]
                Unresolved requirement: Require-Bundle: org.eclipse.equinox.common; bundle-version="[3.15.100,4.0.0)"
                  -> Bundle-SymbolicName: org.eclipse.equinox.common; bundle-version="3.17.0.v20221006-0914"; singleton:="true"
                Unresolved requirement: Import-Package: org.eclipse.core.runtime.jobs; resolution:="optional"
                  -> Export-Package: org.eclipse.core.runtime.jobs; bundle-symbolic-name="org.eclipse.core.jobs"; bundle-version="3.13.200.v20221027-1557"; version="0.0.0"
                     org.eclipse.core.jobs [22]
                       Unresolved requirement: Require-Bundle: org.eclipse.equinox.common; bundle-version="[3.8.0,4.0.0)"
                         -> Bundle-SymbolicName: org.eclipse.equinox.common; bundle-version="3.17.0.v20221006-0914"; singleton:="true"
         Unresolved requirement: Require-Bundle: org.eclipse.equinox.preferences; bundle-version="[3.10.0,4.0.0)"; visibility:="reexport"
           -> Bundle-SymbolicName: org.eclipse.equinox.preferences; bundle-version="3.10.100.v20220710-1223"; singleton:="true"
         Unresolved requirement: Require-Bundle: org.eclipse.equinox.common; bundle-version="3.16.0"; visibility:="reexport"
           -> Bundle-SymbolicName: org.eclipse.equinox.common; bundle-version="3.17.0.v20221006-0914"; singleton:="true"
         Unresolved requirement: Require-Bundle: org.eclipse.equinox.app; bundle-version="1.6.0"; visibility:="reexport"
           -> Bundle-SymbolicName: org.eclipse.equinox.app; bundle-version="1.6.200.v20220720-2012"; singleton:="true"
              org.eclipse.equinox.app [29]
                Unresolved requirement: Require-Bundle: org.eclipse.equinox.registry; bundle-version="[3.4.0,4.0.0)"
                  -> Bundle-SymbolicName: org.eclipse.equinox.registry; bundle-version="3.11.200.v20220817-1601"; singleton:="true"
         Unresolved requirement: Require-Bundle: org.eclipse.core.jobs; bundle-version="[3.13.0,4.0.0)"; visibility:="reexport"
           -> Bundle-SymbolicName: org.eclipse.core.jobs; bundle-version="3.13.200.v20221027-1557"; singleton:="true"
  Unresolved requirement: Require-Bundle: org.eclipse.core.jobs
    -> Bundle-SymbolicName: org.eclipse.core.jobs; bundle-version="3.13.200.v20221027-1557"; singleton:="true"

	at org.eclipse.osgi.container.Module.start(Module.java:463)
	at org.eclipse.osgi.container.ModuleContainer$ContainerStartLevel$2.run(ModuleContainer.java:1852)
	at org.eclipse.osgi.internal.framework.EquinoxContainerAdaptor$1$1.execute(EquinoxContainerAdaptor.java:136)
	at org.eclipse.osgi.container.ModuleContainer$ContainerStartLevel.incStartLevel(ModuleContainer.java:1845)
	at org.eclipse.osgi.container.ModuleContainer$ContainerStartLevel.incStartLevel(ModuleContainer.java:1786)
	at org.eclipse.osgi.container.ModuleContainer$ContainerStartLevel.doContainerStartLevel(ModuleContainer.java:1750)
	at org.eclipse.osgi.container.ModuleContainer$ContainerStartLevel.dispatchEvent(ModuleContainer.java:1672)
	at org.eclipse.osgi.container.ModuleContainer$ContainerStartLevel.dispatchEvent(ModuleContainer.java:1)
	at org.eclipse.osgi.framework.eventmgr.EventManager.dispatchEvent(EventManager.java:234)
	at org.eclipse.osgi.framework.eventmgr.EventManager$EventThread.run(EventManager.java:345)

!ENTRY org.eclipse.core.runtime 4 0 2022-12-22 16:58:07.452
!MESSAGE FrameworkEvent ERROR
!STACK 0
org.osgi.framework.BundleException: Could not resolve module: org.eclipse.core.runtime [26]
  Unresolved requirement: Require-Capability: osgi.ee; filter:="(&(osgi.ee=JavaSE)(version=11))"
  Unresolved requirement: Require-Bundle: org.eclipse.core.contenttype; bundle-version="[3.8.0,4.0.0)"; visibility:="reexport"
    -> Bundle-SymbolicName: org.eclipse.core.contenttype; bundle-version="3.8.200.v20220817-1539"; singleton:="true"
       org.eclipse.core.contenttype [18]
         Unresolved requirement: Require-Bundle: org.eclipse.equinox.preferences; bundle-version="[3.2.0,4.0.0)"
           -> Bundle-SymbolicName: org.eclipse.equinox.preferences; bundle-version="3.10.100.v20220710-1223"; singleton:="true"
              org.eclipse.equinox.preferences [35]
                Unresolved requirement: Require-Bundle: org.eclipse.equinox.common; bundle-version="[3.2.0,4.0.0)"
                  -> Bundle-SymbolicName: org.eclipse.equinox.common; bundle-version="3.17.0.v20221006-0914"; singleton:="true"
                     org.eclipse.equinox.common [30]
                       Unresolved requirement: Require-Capability: osgi.ee; filter:="(&(osgi.ee=JavaSE)(version=11))"
  Unresolved requirement: Require-Bundle: org.eclipse.equinox.registry; bundle-version="[3.11.0,4.0.0)"; visibility:="reexport"
    -> Bundle-SymbolicName: org.eclipse.equinox.registry; bundle-version="3.11.200.v20220817-1601"; singleton:="true"
       org.eclipse.equinox.registry [36]
         Unresolved requirement: Require-Bundle: org.eclipse.equinox.common; bundle-version="[3.15.100,4.0.0)"
           -> Bundle-SymbolicName: org.eclipse.equinox.common; bundle-version="3.17.0.v20221006-0914"; singleton:="true"
         Unresolved requirement: Import-Package: org.eclipse.core.runtime.jobs; resolution:="optional"
           -> Export-Package: org.eclipse.core.runtime.jobs; bundle-symbolic-name="org.eclipse.core.jobs"; bundle-version="3.13.200.v20221027-1557"; version="0.0.0"
              org.eclipse.core.jobs [22]
                Unresolved requirement: Require-Bundle: org.eclipse.equinox.common; bundle-version="[3.8.0,4.0.0)"
                  -> Bundle-SymbolicName: org.eclipse.equinox.common; bundle-version="3.17.0.v20221006-0914"; singleton:="true"
  Unresolved requirement: Require-Bundle: org.eclipse.equinox.preferences; bundle-version="[3.10.0,4.0.0)"; visibility:="reexport"
    -> Bundle-SymbolicName: org.eclipse.equinox.preferences; bundle-version="3.10.100.v20220710-1223"; singleton:="true"
  Unresolved requirement: Require-Bundle: org.eclipse.equinox.common; bundle-version="3.16.0"; visibility:="reexport"
    -> Bundle-SymbolicName: org.eclipse.equinox.common; bundle-version="3.17.0.v20221006-0914"; singleton:="true"
  Unresolved requirement: Require-Bundle: org.eclipse.equinox.app; bundle-version="1.6.0"; visibility:="reexport"
    -> Bundle-SymbolicName: org.eclipse.equinox.app; bundle-version="1.6.200.v20220720-2012"; singleton:="true"
       org.eclipse.equinox.app [29]
         Unresolved requirement: Require-Bundle: org.eclipse.equinox.registry; bundle-version="[3.4.0,4.0.0)"
           -> Bundle-SymbolicName: org.eclipse.equinox.registry; bundle-version="3.11.200.v20220817-1601"; singleton:="true"
  Unresolved requirement: Require-Bundle: org.eclipse.core.jobs; bundle-version="[3.13.0,4.0.0)"; visibility:="reexport"
    -> Bundle-SymbolicName: org.eclipse.core.jobs; bundle-version="3.13.200.v20221027-1557"; singleton:="true"

	at org.eclipse.osgi.container.Module.start(Module.java:463)
	at org.eclipse.osgi.container.ModuleContainer$ContainerStartLevel$2.run(ModuleContainer.java:1852)
	at org.eclipse.osgi.internal.framework.EquinoxContainerAdaptor$1$1.execute(EquinoxContainerAdaptor.java:136)
	at org.eclipse.osgi.container.ModuleContainer$ContainerStartLevel.incStartLevel(ModuleContainer.java:1845)
	at org.eclipse.osgi.container.ModuleContainer$ContainerStartLevel.incStartLevel(ModuleContainer.java:1788)
	at org.eclipse.osgi.container.ModuleContainer$ContainerStartLevel.doContainerStartLevel(ModuleContainer.java:1750)
	at org.eclipse.osgi.container.ModuleContainer$ContainerStartLevel.dispatchEvent(ModuleContainer.java:1672)
	at org.eclipse.osgi.container.ModuleContainer$ContainerStartLevel.dispatchEvent(ModuleContainer.java:1)
	at org.eclipse.osgi.framework.eventmgr.EventManager.dispatchEvent(EventManager.java:234)
	at org.eclipse.osgi.framework.eventmgr.EventManager$EventThread.run(EventManager.java:345)

!ENTRY org.eclipse.jdt.ls.core 4 0 2022-12-22 16:58:07.458
!MESSAGE FrameworkEvent ERROR
!STACK 0
org.osgi.framework.BundleException: Could not resolve module: org.eclipse.jdt.ls.core [51]
  Unresolved requirement: Require-Bundle: org.eclipse.m2e.jdt; resolution:="optional"
    -> Bundle-SymbolicName: org.eclipse.m2e.jdt; bundle-version="2.0.0.20220706-1958"; singleton:="true"
       org.eclipse.m2e.jdt [58]
         Unresolved requirement: Require-Bundle: org.eclipse.core.runtime
           -> Bundle-SymbolicName: org.eclipse.core.runtime; bundle-version="3.26.100.v20221021-0005"; singleton:="true"
              org.eclipse.core.runtime [26]
                Unresolved requirement: Require-Capability: osgi.ee; filter:="(&(osgi.ee=JavaSE)(version=11))"
                Unresolved requirement: Require-Bundle: org.eclipse.core.contenttype; bundle-version="[3.8.0,4.0.0)"; visibility:="reexport"
                  -> Bundle-SymbolicName: org.eclipse.core.contenttype; bundle-version="3.8.200.v20220817-1539"; singleton:="true"
                     org.eclipse.core.contenttype [18]
                       Unresolved requirement: Require-Bundle: org.eclipse.equinox.preferences; bundle-version="[3.2.0,4.0.0)"
                         -> Bundle-SymbolicName: org.eclipse.equinox.preferences; bundle-version="3.10.100.v20220710-1223"; singleton:="true"
                            org.eclipse.equinox.preferences [35]
                              Unresolved requirement: Require-Bundle: org.eclipse.equinox.common; bundle-version="[3.2.0,4.0.0)"
                                -> Bundle-SymbolicName: org.eclipse.equinox.common; bundle-version="3.17.0.v20221006-0914"; singleton:="true"
                                   org.eclipse.equinox.common [30]
                                     Unresolved requirement: Require-Capability: osgi.ee; filter:="(&(osgi.ee=JavaSE)(version=11))"
                Unresolved requirement: Require-Bundle: org.eclipse.equinox.registry; bundle-version="[3.11.0,4.0.0)"; visibility:="reexport"
                  -> Bundle-SymbolicName: org.eclipse.equinox.registry; bundle-version="3.11.200.v20220817-1601"; singleton:="true"
                     org.eclipse.equinox.registry [36]
                       Unresolved requirement: Require-Bundle: org.eclipse.equinox.common; bundle-version="[3.15.100,4.0.0)"
                         -> Bundle-SymbolicName: org.eclipse.equinox.common; bundle-version="3.17.0.v20221006-0914"; singleton:="true"
                       Unresolved requirement: Import-Package: org.eclipse.core.runtime.jobs; resolution:="optional"
                         -> Export-Package: org.eclipse.core.runtime.jobs; bundle-symbolic-name="org.eclipse.core.jobs"; bundle-version="3.13.200.v20221027-1557"; version="0.0.0"
                            org.eclipse.core.jobs [22]
                              Unresolved requirement: Require-Bundle: org.eclipse.equinox.common; bundle-version="[3.8.0,4.0.0)"
                                -> Bundle-SymbolicName: org.eclipse.equinox.common; bundle-version="3.17.0.v20221006-0914"; singleton:="true"
                Unresolved requirement: Require-Bundle: org.eclipse.equinox.preferences; bundle-version="[3.10.0,4.0.0)"; visibility:="reexport"
                  -> Bundle-SymbolicName: org.eclipse.equinox.preferences; bundle-version="3.10.100.v20220710-1223"; singleton:="true"
                Unresolved requirement: Require-Bundle: org.eclipse.equinox.common; bundle-version="3.16.0"; visibility:="reexport"
                  -> Bundle-SymbolicName: org.eclipse.equinox.common; bundle-version="3.17.0.v20221006-0914"; singleton:="true"
                Unresolved requirement: Require-Bundle: org.eclipse.equinox.app; bundle-version="1.6.0"; visibility:="reexport"
                  -> Bundle-SymbolicName: org.eclipse.equinox.app; bundle-version="1.6.200.v20220720-2012"; singleton:="true"
                     org.eclipse.equinox.app [29]
                       Unresolved requirement: Require-Bundle: org.eclipse.equinox.registry; bundle-version="[3.4.0,4.0.0)"
                         -> Bundle-SymbolicName: org.eclipse.equinox.registry; bundle-version="3.11.200.v20220817-1601"; singleton:="true"
                Unresolved requirement: Require-Bundle: org.eclipse.core.jobs; bundle-version="[3.13.0,4.0.0)"; visibility:="reexport"
                  -> Bundle-SymbolicName: org.eclipse.core.jobs; bundle-version="3.13.200.v20221027-1557"; singleton:="true"
  Unresolved requirement: Require-Bundle: org.eclipse.jdt.launching
    -> Bundle-SymbolicName: org.eclipse.jdt.launching; bundle-version="3.19.800.v20220922-0905"; singleton:="true"
       org.eclipse.jdt.launching [50]
         Unresolved requirement: Require-Bundle: org.eclipse.core.resources; bundle-version="[3.14.0,4.0.0)"
           -> Bundle-SymbolicName: org.eclipse.core.resources; bundle-version="3.18.100.v20221025-2047"; singleton:="true"
              org.eclipse.core.resources [25]
                Unresolved requirement: Require-Bundle: org.eclipse.ant.core; bundle-version="[3.1.0,4.0.0)"; resolution:="optional"
                  -> Bundle-SymbolicName: org.eclipse.ant.core; bundle-version="3.6.500.v20220718-1722"; singleton:="true"
                     org.eclipse.ant.core [13]
                       Unresolved requirement: Require-Bundle: org.eclipse.core.variables; bundle-version="[3.1.0,4.0.0)"
                         -> Bundle-SymbolicName: org.eclipse.core.variables; bundle-version="3.5.100.v20210721-1355"; singleton:="true"
                            org.eclipse.core.variables [27]
                              Unresolved requirement: Require-Bundle: org.eclipse.core.runtime; bundle-version="[3.3.0,4.0.0)"
                                -> Bundle-SymbolicName: org.eclipse.core.runtime; bundle-version="3.26.100.v20221021-0005"; singleton:="true"
                       Unresolved requirement: Require-Bundle: org.eclipse.core.runtime; bundle-version="[3.25.0,4.0.0)"
                         -> Bundle-SymbolicName: org.eclipse.core.runtime; bundle-version="3.26.100.v20221021-0005"; singleton:="true"
                Unresolved requirement: Require-Bundle: org.eclipse.core.expressions; bundle-version="[3.2.0,4.0.0)"
                  -> Bundle-SymbolicName: org.eclipse.core.expressions; bundle-version="3.8.200.v20220613-1047"; singleton:="true"
                     org.eclipse.core.expressions [19]
                       Unresolved requirement: Require-Bundle: org.eclipse.core.runtime; bundle-version="[3.3.0,4.0.0)"
                         -> Bundle-SymbolicName: org.eclipse.core.runtime; bundle-version="3.26.100.v20221021-0005"; singleton:="true"
                Unresolved requirement: Require-Bundle: org.eclipse.core.runtime; bundle-version="[3.26.0,4.0.0)"
                  -> Bundle-SymbolicName: org.eclipse.core.runtime; bundle-version="3.26.100.v20221021-0005"; singleton:="true"
                Unresolved requirement: Require-Bundle: org.eclipse.core.filesystem; bundle-version="[1.3.0,2.0.0)"
                  -> Bundle-SymbolicName: org.eclipse.core.filesystem; bundle-version="1.9.500.v20220817-1539"; singleton:="true"
                     org.eclipse.core.filesystem [21]
                       Unresolved requirement: Require-Bundle: org.eclipse.equinox.common; bundle-version="[3.2.0,4.0.0)"
                         -> Bundle-SymbolicName: org.eclipse.equinox.common; bundle-version="3.17.0.v20221006-0914"; singleton:="true"
  Unresolved requirement: Require-Bundle: org.eclipse.debug.core
    -> Bundle-SymbolicName: org.eclipse.debug.core; bundle-version="3.20.0.v20220811-0741"; singleton:="true"
       org.eclipse.debug.core [28]
         Unresolved requirement: Require-Bundle: org.eclipse.core.resources; bundle-version="[3.18.0,4.0.0)"; visibility:="reexport"
           -> Bundle-SymbolicName: org.eclipse.core.resources; bundle-version="3.18.100.v20221025-2047"; singleton:="true"
  Unresolved requirement: Require-Bundle: org.eclipse.jdt.apt.core
    -> Bundle-SymbolicName: org.eclipse.jdt.apt.core; bundle-version="3.7.50.v20210914-1429"; singleton:="true"
       org.eclipse.jdt.apt.core [41]
         Unresolved requirement: Require-Bundle: org.eclipse.jdt.core; bundle-version="[3.27.0,4.0.0)"
           -> Bundle-SymbolicName: org.eclipse.jdt.core; bundle-version="3.32.0.v20221027-1633"; singleton:="true"
              org.eclipse.jdt.core [45]
                Unresolved requirement: Require-Bundle: org.eclipse.core.resources; bundle-version="[3.18.0,4.0.0)"
                  -> Bundle-SymbolicName: org.eclipse.core.resources; bundle-version="3.18.100.v20221025-2047"; singleton:="true"
  Unresolved requirement: Require-Bundle: org.eclipse.core.net
    -> Bundle-SymbolicName: org.eclipse.core.net; bundle-version="1.4.0.v20220813-1037"; singleton:="true"
       org.eclipse.core.net [23]
         Unresolved requirement: Require-Bundle: org.eclipse.equinox.security; bundle-version="[1.0.0,2.0.0)"
           -> Bundle-SymbolicName: org.eclipse.equinox.security; bundle-version="1.3.1000.v20220801-1135"; singleton:="true"
              org.eclipse.equinox.security [37]
                Unresolved requirement: Import-Package: org.eclipse.core.internal.runtime; common="split"
                  -> Export-Package: org.eclipse.core.internal.runtime; bundle-symbolic-name="org.eclipse.equinox.common"; common="split"; bundle-version="3.17.0.v20221006-0914"; version="0.0.0"; x-friends:="org.eclipse.core.contenttype,  org.eclipse.core.jobs,  org.eclipse.equinox.preferences,  org.eclipse.equinox.registry,  org.eclipse.core.runtime,  org.eclipse.core.runtime.compatibility,  org.eclipse.core.filesystem,  org.eclipse.equinox.security"; mandatory:="common"
         Unresolved requirement: Require-Bundle: org.eclipse.equinox.common; bundle-version="3.12.0"
           -> Bundle-SymbolicName: org.eclipse.equinox.common; bundle-version="3.17.0.v20221006-0914"; singleton:="true"
  Unresolved requirement: Require-Bundle: org.eclipse.m2e.core; resolution:="optional"
    -> Bundle-SymbolicName: org.eclipse.m2e.core; bundle-version="2.0.0.20220711-1014"; singleton:="true"
       org.eclipse.m2e.core [57]
         Unresolved requirement: Require-Bundle: org.eclipse.core.runtime; bundle-version="3.12.0"
           -> Bundle-SymbolicName: org.eclipse.core.runtime; bundle-version="3.26.100.v20221021-0005"; singleton:="true"
  Unresolved requirement: Require-Bundle: org.eclipse.core.resources
    -> Bundle-SymbolicName: org.eclipse.core.resources; bundle-version="3.18.100.v20221025-2047"; singleton:="true"
  Unresolved requirement: Require-Bundle: org.eclipse.core.filesystem; bundle-version="1.7.0"
    -> Bundle-SymbolicName: org.eclipse.core.filesystem; bundle-version="1.9.500.v20220817-1539"; singleton:="true"
  Unresolved requirement: Require-Bundle: org.eclipse.jdt.core
    -> Bundle-SymbolicName: org.eclipse.jdt.core; bundle-version="3.32.0.v20221027-1633"; singleton:="true"
  Unresolved requirement: Require-Bundle: org.eclipse.jdt.core.manipulation; bundle-version="1.8.0"
    -> Bundle-SymbolicName: org.eclipse.jdt.core.manipulation; bundle-version="1.17.0.v20221026-1918"; singleton:="true"
       org.eclipse.jdt.core.manipulation [46]
         Unresolved requirement: Require-Bundle: org.eclipse.core.runtime; bundle-version="[3.11.0,4.0.0)"
           -> Bundle-SymbolicName: org.eclipse.core.runtime; bundle-version="3.26.100.v20221021-0005"; singleton:="true"
  Unresolved requirement: Require-Bundle: org.eclipse.core.filebuffers; bundle-version="3.6.0"
    -> Bundle-SymbolicName: org.eclipse.core.filebuffers; bundle-version="3.7.200.v20220202-1008"; singleton:="true"
       org.eclipse.core.filebuffers [20]
         Unresolved requirement: Require-Bundle: org.eclipse.core.runtime; bundle-version="[3.7.0,4.0.0)"
           -> Bundle-SymbolicName: org.eclipse.core.runtime; bundle-version="3.26.100.v20221021-0005"; singleton:="true"
  Unresolved requirement: Require-Bundle: org.eclipse.buildship.core; bundle-version="1.0.18"; resolution:="optional"
    -> Bundle-SymbolicName: org.eclipse.buildship.core; bundle-version="3.1.7.v20221108-1729-s"; singleton:="true"
       org.eclipse.buildship.core [15]
         Unresolved requirement: Require-Bundle: org.eclipse.core.expressions
           -> Bundle-SymbolicName: org.eclipse.core.expressions; bundle-version="3.8.200.v20220613-1047"; singleton:="true"
  Unresolved requirement: Require-Bundle: org.eclipse.ltk.core.refactoring
    -> Bundle-SymbolicName: org.eclipse.ltk.core.refactoring; bundle-version="3.13.0.v20220822-0502"; singleton:="true"
       org.eclipse.ltk.core.refactoring [55]
         Unresolved requirement: Require-Bundle: org.eclipse.core.runtime; bundle-version="[3.25.0,4.0.0)"
           -> Bundle-SymbolicName: org.eclipse.core.runtime; bundle-version="3.26.100.v20221021-0005"; singleton:="true"
  Unresolved requirement: Require-Bundle: org.eclipse.text; bundle-version="3.6.0"
    -> Bundle-SymbolicName: org.eclipse.text; bundle-version="3.12.300.v20220921-1010"
       org.eclipse.text [63]
         Unresolved requirement: Require-Bundle: org.eclipse.equinox.common; bundle-version="[3.5.0,4.0.0)"
           -> Bundle-SymbolicName: org.eclipse.equinox.common; bundle-version="3.17.0.v20221006-0914"; singleton:="true"
         Unresolved requirement: Require-Bundle: org.eclipse.core.commands; bundle-version="[3.5.0,4.0.0)"
           -> Bundle-SymbolicName: org.eclipse.core.commands; bundle-version="3.10.300.v20221024-2137"
              org.eclipse.core.commands [17]
                Unresolved requirement: Require-Bundle: org.eclipse.equinox.common; bundle-version="[3.2.0,4.0.0)"
                  -> Bundle-SymbolicName: org.eclipse.equinox.common; bundle-version="3.17.0.v20221006-0914"; singleton:="true"
  Unresolved requirement: Require-Bundle: org.eclipse.core.runtime; bundle-version="3.12.0"
    -> Bundle-SymbolicName: org.eclipse.core.runtime; bundle-version="3.26.100.v20221021-0005"; singleton:="true"

	at org.eclipse.osgi.container.Module.start(Module.java:463)
	at org.eclipse.osgi.container.ModuleContainer$ContainerStartLevel$2.run(ModuleContainer.java:1852)
	at org.eclipse.osgi.internal.framework.EquinoxContainerAdaptor$1$1.execute(EquinoxContainerAdaptor.java:136)
	at org.eclipse.osgi.container.ModuleContainer$ContainerStartLevel.incStartLevel(ModuleContainer.java:1845)
	at org.eclipse.osgi.container.ModuleContainer$ContainerStartLevel.incStartLevel(ModuleContainer.java:1788)
	at org.eclipse.osgi.container.ModuleContainer$ContainerStartLevel.doContainerStartLevel(ModuleContainer.java:1750)
	at org.eclipse.osgi.container.ModuleContainer$ContainerStartLevel.dispatchEvent(ModuleContainer.java:1672)
	at org.eclipse.osgi.container.ModuleContainer$ContainerStartLevel.dispatchEvent(ModuleContainer.java:1)
	at org.eclipse.osgi.framework.eventmgr.EventManager.dispatchEvent(EventManager.java:234)
	at org.eclipse.osgi.framework.eventmgr.EventManager$EventThread.run(EventManager.java:345)

!ENTRY org.eclipse.osgi 4 0 2022-12-22 16:58:07.460
!MESSAGE Bundle initial@reference:file:plugins/org.eclipse.core.runtime_3.26.100.v20221021-0005.jar was not resolved.

!ENTRY org.eclipse.osgi 4 0 2022-12-22 16:58:07.461
!MESSAGE Bundle initial@reference:file:plugins/org.eclipse.equinox.common_3.17.0.v20221006-0914.jar was not resolved.

!ENTRY org.eclipse.osgi 4 0 2022-12-22 16:58:07.463
!MESSAGE Bundle initial@reference:file:plugins/org.eclipse.jdt.ls.core_1.18.0.202212011657.jar was not resolved.

!ENTRY org.eclipse.jdt.apt.core 2 0 2022-12-22 16:58:07.480
!MESSAGE Could not resolve module: org.eclipse.jdt.apt.core [41]
  Unresolved requirement: Require-Bundle: org.eclipse.jdt.core; bundle-version="[3.27.0,4.0.0)"
    -> Bundle-SymbolicName: org.eclipse.jdt.core; bundle-version="3.32.0.v20221027-1633"; singleton:="true"
       org.eclipse.jdt.core [45]
         Unresolved requirement: Require-Bundle: org.eclipse.core.resources; bundle-version="[3.18.0,4.0.0)"
           -> Bundle-SymbolicName: org.eclipse.core.resources; bundle-version="3.18.100.v20221025-2047"; singleton:="true"
              org.eclipse.core.resources [25]
                Unresolved requirement: Require-Bundle: org.eclipse.ant.core; bundle-version="[3.1.0,4.0.0)"; resolution:="optional"
                  -> Bundle-SymbolicName: org.eclipse.ant.core; bundle-version="3.6.500.v20220718-1722"; singleton:="true"
                     org.eclipse.ant.core [13]
                       Unresolved requirement: Require-Bundle: org.eclipse.core.variables; bundle-version="[3.1.0,4.0.0)"
                         -> Bundle-SymbolicName: org.eclipse.core.variables; bundle-version="3.5.100.v20210721-1355"; singleton:="true"
                            org.eclipse.core.variables [27]
                              Unresolved requirement: Require-Capability: osgi.ee; filter:="(&(osgi.ee=JavaSE)(version=11))"
                              Unresolved requirement: Require-Bundle: org.eclipse.core.runtime; bundle-version="[3.3.0,4.0.0)"
                                -> Bundle-SymbolicName: org.eclipse.core.runtime; bundle-version="3.26.100.v20221021-0005"; singleton:="true"
                                   org.eclipse.core.runtime [26]
                                     Unresolved requirement: Require-Capability: osgi.ee; filter:="(&(osgi.ee=JavaSE)(version=11))"
                                     Unresolved requirement: Require-Bundle: org.eclipse.core.contenttype; bundle-version="[3.8.0,4.0.0)"; visibility:="reexport"
                                       -> Bundle-SymbolicName: org.eclipse.core.contenttype; bundle-version="3.8.200.v20220817-1539"; singleton:="true"
                                          org.eclipse.core.contenttype [18]
                                            Unresolved requirement: Require-Bundle: org.eclipse.equinox.preferences; bundle-version="[3.2.0,4.0.0)"
                                              -> Bundle-SymbolicName: org.eclipse.equinox.preferences; bundle-version="3.10.100.v20220710-1223"; singleton:="true"
                                                 org.eclipse.equinox.preferences [35]
                                                   Unresolved requirement: Require-Bundle: org.eclipse.equinox.common; bundle-version="[3.2.0,4.0.0)"
                                                     -> Bundle-SymbolicName: org.eclipse.equinox.common; bundle-version="3.17.0.v20221006-0914"; singleton:="true"
                                                        org.eclipse.equinox.common [30]
                                                          Unresolved requirement: Require-Capability: osgi.ee; filter:="(&(osgi.ee=JavaSE)(version=11))"
                                     Unresolved requirement: Require-Bundle: org.eclipse.equinox.registry; bundle-version="[3.11.0,4.0.0)"; visibility:="reexport"
                                       -> Bundle-SymbolicName: org.eclipse.equinox.registry; bundle-version="3.11.200.v20220817-1601"; singleton:="true"
                                          org.eclipse.equinox.registry [36]
                                            Unresolved requirement: Require-Bundle: org.eclipse.equinox.common; bundle-version="[3.15.100,4.0.0)"
                                              -> Bundle-SymbolicName: org.eclipse.equinox.common; bundle-version="3.17.0.v20221006-0914"; singleton:="true"
                                            Unresolved requirement: Import-Package: org.eclipse.core.runtime.jobs; resolution:="optional"
                                              -> Export-Package: org.eclipse.core.runtime.jobs; bundle-symbolic-name="org.eclipse.core.jobs"; bundle-version="3.13.200.v20221027-1557"; version="0.0.0"
                                                 org.eclipse.core.jobs [22]
                                                   Unresolved requirement: Require-Bundle: org.eclipse.equinox.common; bundle-version="[3.8.0,4.0.0)"
                                                     -> Bundle-SymbolicName: org.eclipse.equinox.common; bundle-version="3.17.0.v20221006-0914"; singleton:="true"
                                     Unresolved requirement: Require-Bundle: org.eclipse.equinox.preferences; bundle-version="[3.10.0,4.0.0)"; visibility:="reexport"
                                       -> Bundle-SymbolicName: org.eclipse.equinox.preferences; bundle-version="3.10.100.v20220710-1223"; singleton:="true"
                                     Unresolved requirement: Require-Bundle: org.eclipse.equinox.common; bundle-version="3.16.0"; visibility:="reexport"
                                       -> Bundle-SymbolicName: org.eclipse.equinox.common; bundle-version="3.17.0.v20221006-0914"; singleton:="true"
                                     Unresolved requirement: Require-Bundle: org.eclipse.equinox.app; bundle-version="1.6.0"; visibility:="reexport"
                                       -> Bundle-SymbolicName: org.eclipse.equinox.app; bundle-version="1.6.200.v20220720-2012"; singleton:="true"
                                          org.eclipse.equinox.app [29]
                                            Unresolved requirement: Require-Bundle: org.eclipse.equinox.registry; bundle-version="[3.4.0,4.0.0)"
                                              -> Bundle-SymbolicName: org.eclipse.equinox.registry; bundle-version="3.11.200.v20220817-1601"; singleton:="true"
                                     Unresolved requirement: Require-Bundle: org.eclipse.core.jobs; bundle-version="[3.13.0,4.0.0)"; visibility:="reexport"
                                       -> Bundle-SymbolicName: org.eclipse.core.jobs; bundle-version="3.13.200.v20221027-1557"; singleton:="true"
                       Unresolved requirement: Require-Bundle: org.eclipse.core.runtime; bundle-version="[3.25.0,4.0.0)"
                         -> Bundle-SymbolicName: org.eclipse.core.runtime; bundle-version="3.26.100.v20221021-0005"; singleton:="true"
                Unresolved requirement: Require-Bundle: org.eclipse.core.expressions; bundle-version="[3.2.0,4.0.0)"
                  -> Bundle-SymbolicName: org.eclipse.core.expressions; bundle-version="3.8.200.v20220613-1047"; singleton:="true"
                     org.eclipse.core.expressions [19]
                       Unresolved requirement: Require-Bundle: org.eclipse.core.runtime; bundle-version="[3.3.0,4.0.0)"
                         -> Bundle-SymbolicName: org.eclipse.core.runtime; bundle-version="3.26.100.v20221021-0005"; singleton:="true"
  Unresolved requirement: Require-Bundle: org.eclipse.core.runtime; bundle-version="[3.5.100,4.0.0)"
    -> Bundle-SymbolicName: org.eclipse.core.runtime; bundle-version="3.26.100.v20221021-0005"; singleton:="true"


!ENTRY org.eclipse.equinox.simpleconfigurator.manipulator 2 0 2022-12-22 16:58:07.483
!MESSAGE Could not resolve module: org.eclipse.equinox.simpleconfigurator.manipulator [40]
  Unresolved requirement: Import-Package: org.eclipse.equinox.frameworkadmin; version="[2.0.0,3.0.0)"
    -> Export-Package: org.eclipse.equinox.frameworkadmin; bundle-symbolic-name="org.eclipse.equinox.frameworkadmin"; bundle-version="2.2.100.v20220817-1208"; version="2.0.0"
       org.eclipse.equinox.frameworkadmin [31]
         Unresolved requirement: Require-Bundle: org.eclipse.equinox.common; bundle-version="3.4.0"
           -> Bundle-SymbolicName: org.eclipse.equinox.common; bundle-version="3.17.0.v20221006-0914"; singleton:="true"
              org.eclipse.equinox.common [30]
                Unresolved requirement: Require-Capability: osgi.ee; filter:="(&(osgi.ee=JavaSE)(version=11))"


!ENTRY org.eclipse.jdt.compiler.apt 2 0 2022-12-22 16:58:07.485
!MESSAGE Could not resolve module: org.eclipse.jdt.compiler.apt [43]
  Unresolved requirement: Import-Package: org.eclipse.jdt.internal.compiler.tool; resolution:="optional"
    -> Export-Package: org.eclipse.jdt.internal.compiler.tool; bundle-symbolic-name="org.eclipse.jdt.compiler.tool"; bundle-version="1.3.200.v20220802-0458"; version="0.0.0"; x-internal:="true"
       org.eclipse.jdt.compiler.tool [44]
         Unresolved requirement: Fragment-Host: org.eclipse.jdt.core; bundle-version="[3.30.100,4.0.0)"
           -> Bundle-SymbolicName: org.eclipse.jdt.core; bundle-version="3.32.0.v20221027-1633"; singleton:="true"
              org.eclipse.jdt.core [45]
                Unresolved requirement: Require-Bundle: org.eclipse.core.resources; bundle-version="[3.18.0,4.0.0)"
                  -> Bundle-SymbolicName: org.eclipse.core.resources; bundle-version="3.18.100.v20221025-2047"; singleton:="true"
                     org.eclipse.core.resources [25]
                       Unresolved requirement: Require-Bundle: org.eclipse.ant.core; bundle-version="[3.1.0,4.0.0)"; resolution:="optional"
                         -> Bundle-SymbolicName: org.eclipse.ant.core; bundle-version="3.6.500.v20220718-1722"; singleton:="true"
                            org.eclipse.ant.core [13]
                              Unresolved requirement: Require-Bundle: org.eclipse.core.variables; bundle-version="[3.1.0,4.0.0)"
                                -> Bundle-SymbolicName: org.eclipse.core.variables; bundle-version="3.5.100.v20210721-1355"; singleton:="true"
                                   org.eclipse.core.variables [27]
                                     Unresolved requirement: Require-Capability: osgi.ee; filter:="(&(osgi.ee=JavaSE)(version=11))"
                                     Unresolved requirement: Require-Bundle: org.eclipse.core.runtime; bundle-version="[3.3.0,4.0.0)"
                                       -> Bundle-SymbolicName: org.eclipse.core.runtime; bundle-version="3.26.100.v20221021-0005"; singleton:="true"
                                          org.eclipse.core.runtime [26]
                                            Unresolved requirement: Require-Capability: osgi.ee; filter:="(&(osgi.ee=JavaSE)(version=11))"
                                            Unresolved requirement: Require-Bundle: org.eclipse.core.contenttype; bundle-version="[3.8.0,4.0.0)"; visibility:="reexport"
                                              -> Bundle-SymbolicName: org.eclipse.core.contenttype; bundle-version="3.8.200.v20220817-1539"; singleton:="true"
                                                 org.eclipse.core.contenttype [18]
                                                   Unresolved requirement: Require-Bundle: org.eclipse.equinox.preferences; bundle-version="[3.2.0,4.0.0)"
                                                     -> Bundle-SymbolicName: org.eclipse.equinox.preferences; bundle-version="3.10.100.v20220710-1223"; singleton:="true"
                                                        org.eclipse.equinox.preferences [35]
                                                          Unresolved requirement: Require-Bundle: org.eclipse.equinox.common; bundle-version="[3.2.0,4.0.0)"
                                                            -> Bundle-SymbolicName: org.eclipse.equinox.common; bundle-version="3.17.0.v20221006-0914"; singleton:="true"
                                                               org.eclipse.equinox.common [30]
                                                                 Unresolved requirement: Require-Capability: osgi.ee; filter:="(&(osgi.ee=JavaSE)(version=11))"
                                            Unresolved requirement: Require-Bundle: org.eclipse.equinox.registry; bundle-version="[3.11.0,4.0.0)"; visibility:="reexport"
                                              -> Bundle-SymbolicName: org.eclipse.equinox.registry; bundle-version="3.11.200.v20220817-1601"; singleton:="true"
                                                 org.eclipse.equinox.registry [36]
                                                   Unresolved requirement: Require-Bundle: org.eclipse.equinox.common; bundle-version="[3.15.100,4.0.0)"
                                                     -> Bundle-SymbolicName: org.eclipse.equinox.common; bundle-version="3.17.0.v20221006-0914"; singleton:="true"
                                                   Unresolved requirement: Import-Package: org.eclipse.core.runtime.jobs; resolution:="optional"
                                                     -> Export-Package: org.eclipse.core.runtime.jobs; bundle-symbolic-name="org.eclipse.core.jobs"; bundle-version="3.13.200.v20221027-1557"; version="0.0.0"
                                                        org.eclipse.core.jobs [22]
                                                          Unresolved requirement: Require-Bundle: org.eclipse.equinox.common; bundle-version="[3.8.0,4.0.0)"
                                                            -> Bundle-SymbolicName: org.eclipse.equinox.common; bundle-version="3.17.0.v20221006-0914"; singleton:="true"
                                            Unresolved requirement: Require-Bundle: org.eclipse.equinox.preferences; bundle-version="[3.10.0,4.0.0)"; visibility:="reexport"
                                              -> Bundle-SymbolicName: org.eclipse.equinox.preferences; bundle-version="3.10.100.v20220710-1223"; singleton:="true"
                                            Unresolved requirement: Require-Bundle: org.eclipse.equinox.common; bundle-version="3.16.0"; visibility:="reexport"
                                              -> Bundle-SymbolicName: org.eclipse.equinox.common; bundle-version="3.17.0.v20221006-0914"; singleton:="true"
                                            Unresolved requirement: Require-Bundle: org.eclipse.equinox.app; bundle-version="1.6.0"; visibility:="reexport"
                                              -> Bundle-SymbolicName: org.eclipse.equinox.app; bundle-version="1.6.200.v20220720-2012"; singleton:="true"
                                                 org.eclipse.equinox.app [29]
                                                   Unresolved requirement: Require-Bundle: org.eclipse.equinox.registry; bundle-version="[3.4.0,4.0.0)"
                                                     -> Bundle-SymbolicName: org.eclipse.equinox.registry; bundle-version="3.11.200.v20220817-1601"; singleton:="true"
                                            Unresolved requirement: Require-Bundle: org.eclipse.core.jobs; bundle-version="[3.13.0,4.0.0)"; visibility:="reexport"
                                              -> Bundle-SymbolicName: org.eclipse.core.jobs; bundle-version="3.13.200.v20221027-1557"; singleton:="true"
                              Unresolved requirement: Require-Bundle: org.eclipse.core.runtime; bundle-version="[3.25.0,4.0.0)"
                                -> Bundle-SymbolicName: org.eclipse.core.runtime; bundle-version="3.26.100.v20221021-0005"; singleton:="true"
                       Unresolved requirement: Require-Bundle: org.eclipse.core.expressions; bundle-version="[3.2.0,4.0.0)"
                         -> Bundle-SymbolicName: org.eclipse.core.expressions; bundle-version="3.8.200.v20220613-1047"; singleton:="true"
                            org.eclipse.core.expressions [19]
                              Unresolved requirement: Require-Bundle: org.eclipse.core.runtime; bundle-version="[3.3.0,4.0.0)"
                                -> Bundle-SymbolicName: org.eclipse.core.runtime; bundle-version="3.26.100.v20221021-0005"; singleton:="true"
  Unresolved requirement: Fragment-Host: org.eclipse.jdt.core; bundle-version="[3.30.100,4.0.0)"
    -> Bundle-SymbolicName: org.eclipse.jdt.core; bundle-version="3.32.0.v20221027-1633"; singleton:="true"


!ENTRY org.eclipse.core.filebuffers 2 0 2022-12-22 16:58:07.487
!MESSAGE Could not resolve module: org.eclipse.core.filebuffers [20]
  Unresolved requirement: Require-Bundle: org.eclipse.core.runtime; bundle-version="[3.7.0,4.0.0)"
    -> Bundle-SymbolicName: org.eclipse.core.runtime; bundle-version="3.26.100.v20221021-0005"; singleton:="true"
       org.eclipse.core.runtime [26]
         Unresolved requirement: Require-Capability: osgi.ee; filter:="(&(osgi.ee=JavaSE)(version=11))"
         Unresolved requirement: Require-Bundle: org.eclipse.core.contenttype; bundle-version="[3.8.0,4.0.0)"; visibility:="reexport"
           -> Bundle-SymbolicName: org.eclipse.core.contenttype; bundle-version="3.8.200.v20220817-1539"; singleton:="true"
              org.eclipse.core.contenttype [18]
                Unresolved requirement: Require-Bundle: org.eclipse.equinox.preferences; bundle-version="[3.2.0,4.0.0)"
                  -> Bundle-SymbolicName: org.eclipse.equinox.preferences; bundle-version="3.10.100.v20220710-1223"; singleton:="true"
                     org.eclipse.equinox.preferences [35]
                       Unresolved requirement: Require-Bundle: org.eclipse.equinox.common; bundle-version="[3.2.0,4.0.0)"
                         -> Bundle-SymbolicName: org.eclipse.equinox.common; bundle-version="3.17.0.v20221006-0914"; singleton:="true"
                            org.eclipse.equinox.common [30]
                              Unresolved requirement: Require-Capability: osgi.ee; filter:="(&(osgi.ee=JavaSE)(version=11))"
         Unresolved requirement: Require-Bundle: org.eclipse.equinox.registry; bundle-version="[3.11.0,4.0.0)"; visibility:="reexport"
           -> Bundle-SymbolicName: org.eclipse.equinox.registry; bundle-version="3.11.200.v20220817-1601"; singleton:="true"
              org.eclipse.equinox.registry [36]
                Unresolved requirement: Require-Bundle: org.eclipse.equinox.common; bundle-version="[3.15.100,4.0.0)"
                  -> Bundle-SymbolicName: org.eclipse.equinox.common; bundle-version="3.17.0.v20221006-0914"; singleton:="true"
                Unresolved requirement: Import-Package: org.eclipse.core.runtime.jobs; resolution:="optional"
                  -> Export-Package: org.eclipse.core.runtime.jobs; bundle-symbolic-name="org.eclipse.core.jobs"; bundle-version="3.13.200.v20221027-1557"; version="0.0.0"
                     org.eclipse.core.jobs [22]
                       Unresolved requirement: Require-Bundle: org.eclipse.equinox.common; bundle-version="[3.8.0,4.0.0)"
                         -> Bundle-SymbolicName: org.eclipse.equinox.common; bundle-version="3.17.0.v20221006-0914"; singleton:="true"
         Unresolved requirement: Require-Bundle: org.eclipse.equinox.preferences; bundle-version="[3.10.0,4.0.0)"; visibility:="reexport"
           -> Bundle-SymbolicName: org.eclipse.equinox.preferences; bundle-version="3.10.100.v20220710-1223"; singleton:="true"
         Unresolved requirement: Require-Bundle: org.eclipse.equinox.common; bundle-version="3.16.0"; visibility:="reexport"
           -> Bundle-SymbolicName: org.eclipse.equinox.common; bundle-version="3.17.0.v20221006-0914"; singleton:="true"
         Unresolved requirement: Require-Bundle: org.eclipse.equinox.app; bundle-version="1.6.0"; visibility:="reexport"
           -> Bundle-SymbolicName: org.eclipse.equinox.app; bundle-version="1.6.200.v20220720-2012"; singleton:="true"
              org.eclipse.equinox.app [29]
                Unresolved requirement: Require-Bundle: org.eclipse.equinox.registry; bundle-version="[3.4.0,4.0.0)"
                  -> Bundle-SymbolicName: org.eclipse.equinox.registry; bundle-version="3.11.200.v20220817-1601"; singleton:="true"
         Unresolved requirement: Require-Bundle: org.eclipse.core.jobs; bundle-version="[3.13.0,4.0.0)"; visibility:="reexport"
           -> Bundle-SymbolicName: org.eclipse.core.jobs; bundle-version="3.13.200.v20221027-1557"; singleton:="true"


!ENTRY org.eclipse.debug.core 2 0 2022-12-22 16:58:07.489
!MESSAGE Could not resolve module: org.eclipse.debug.core [28]
  Unresolved requirement: Require-Bundle: org.eclipse.core.resources; bundle-version="[3.18.0,4.0.0)"; visibility:="reexport"
    -> Bundle-SymbolicName: org.eclipse.core.resources; bundle-version="3.18.100.v20221025-2047"; singleton:="true"
       org.eclipse.core.resources [25]
         Unresolved requirement: Require-Bundle: org.eclipse.ant.core; bundle-version="[3.1.0,4.0.0)"; resolution:="optional"
           -> Bundle-SymbolicName: org.eclipse.ant.core; bundle-version="3.6.500.v20220718-1722"; singleton:="true"
              org.eclipse.ant.core [13]
                Unresolved requirement: Require-Bundle: org.eclipse.core.variables; bundle-version="[3.1.0,4.0.0)"
                  -> Bundle-SymbolicName: org.eclipse.core.variables; bundle-version="3.5.100.v20210721-1355"; singleton:="true"
                     org.eclipse.core.variables [27]
                       Unresolved requirement: Require-Capability: osgi.ee; filter:="(&(osgi.ee=JavaSE)(version=11))"
                       Unresolved requirement: Require-Bundle: org.eclipse.core.runtime; bundle-version="[3.3.0,4.0.0)"
                         -> Bundle-SymbolicName: org.eclipse.core.runtime; bundle-version="3.26.100.v20221021-0005"; singleton:="true"
                            org.eclipse.core.runtime [26]
                              Unresolved requirement: Require-Capability: osgi.ee; filter:="(&(osgi.ee=JavaSE)(version=11))"
                              Unresolved requirement: Require-Bundle: org.eclipse.core.contenttype; bundle-version="[3.8.0,4.0.0)"; visibility:="reexport"
                                -> Bundle-SymbolicName: org.eclipse.core.contenttype; bundle-version="3.8.200.v20220817-1539"; singleton:="true"
                                   org.eclipse.core.contenttype [18]
                                     Unresolved requirement: Require-Bundle: org.eclipse.equinox.preferences; bundle-version="[3.2.0,4.0.0)"
                                       -> Bundle-SymbolicName: org.eclipse.equinox.preferences; bundle-version="3.10.100.v20220710-1223"; singleton:="true"
                                          org.eclipse.equinox.preferences [35]
                                            Unresolved requirement: Require-Bundle: org.eclipse.equinox.common; bundle-version="[3.2.0,4.0.0)"
                                              -> Bundle-SymbolicName: org.eclipse.equinox.common; bundle-version="3.17.0.v20221006-0914"; singleton:="true"
                                                 org.eclipse.equinox.common [30]
                                                   Unresolved requirement: Require-Capability: osgi.ee; filter:="(&(osgi.ee=JavaSE)(version=11))"
                              Unresolved requirement: Require-Bundle: org.eclipse.equinox.registry; bundle-version="[3.11.0,4.0.0)"; visibility:="reexport"
                                -> Bundle-SymbolicName: org.eclipse.equinox.registry; bundle-version="3.11.200.v20220817-1601"; singleton:="true"
                                   org.eclipse.equinox.registry [36]
                                     Unresolved requirement: Require-Bundle: org.eclipse.equinox.common; bundle-version="[3.15.100,4.0.0)"
                                       -> Bundle-SymbolicName: org.eclipse.equinox.common; bundle-version="3.17.0.v20221006-0914"; singleton:="true"
                                     Unresolved requirement: Import-Package: org.eclipse.core.runtime.jobs; resolution:="optional"
                                       -> Export-Package: org.eclipse.core.runtime.jobs; bundle-symbolic-name="org.eclipse.core.jobs"; bundle-version="3.13.200.v20221027-1557"; version="0.0.0"
                                          org.eclipse.core.jobs [22]
                                            Unresolved requirement: Require-Bundle: org.eclipse.equinox.common; bundle-version="[3.8.0,4.0.0)"
                                              -> Bundle-SymbolicName: org.eclipse.equinox.common; bundle-version="3.17.0.v20221006-0914"; singleton:="true"
                              Unresolved requirement: Require-Bundle: org.eclipse.equinox.preferences; bundle-version="[3.10.0,4.0.0)"; visibility:="reexport"
                                -> Bundle-SymbolicName: org.eclipse.equinox.preferences; bundle-version="3.10.100.v20220710-1223"; singleton:="true"
                              Unresolved requirement: Require-Bundle: org.eclipse.equinox.common; bundle-version="3.16.0"; visibility:="reexport"
                                -> Bundle-SymbolicName: org.eclipse.equinox.common; bundle-version="3.17.0.v20221006-0914"; singleton:="true"
                              Unresolved requirement: Require-Bundle: org.eclipse.equinox.app; bundle-version="1.6.0"; visibility:="reexport"
                                -> Bundle-SymbolicName: org.eclipse.equinox.app; bundle-version="1.6.200.v20220720-2012"; singleton:="true"
                                   org.eclipse.equinox.app [29]
                                     Unresolved requirement: Require-Bundle: org.eclipse.equinox.registry; bundle-version="[3.4.0,4.0.0)"
                                       -> Bundle-SymbolicName: org.eclipse.equinox.registry; bundle-version="3.11.200.v20220817-1601"; singleton:="true"
                              Unresolved requirement: Require-Bundle: org.eclipse.core.jobs; bundle-version="[3.13.0,4.0.0)"; visibility:="reexport"
                                -> Bundle-SymbolicName: org.eclipse.core.jobs; bundle-version="3.13.200.v20221027-1557"; singleton:="true"
                Unresolved requirement: Require-Bundle: org.eclipse.core.runtime; bundle-version="[3.25.0,4.0.0)"
                  -> Bundle-SymbolicName: org.eclipse.core.runtime; bundle-version="3.26.100.v20221021-0005"; singleton:="true"
         Unresolved requirement: Require-Bundle: org.eclipse.core.expressions; bundle-version="[3.2.0,4.0.0)"
           -> Bundle-SymbolicName: org.eclipse.core.expressions; bundle-version="3.8.200.v20220613-1047"; singleton:="true"
              org.eclipse.core.expressions [19]
                Unresolved requirement: Require-Bundle: org.eclipse.core.runtime; bundle-version="[3.3.0,4.0.0)"
                  -> Bundle-SymbolicName: org.eclipse.core.runtime; bundle-version="3.26.100.v20221021-0005"; singleton:="true"


!ENTRY org.eclipse.buildship.core 2 0 2022-12-22 16:58:07.491
!MESSAGE Could not resolve module: org.eclipse.buildship.core [15]
  Unresolved requirement: Require-Bundle: org.eclipse.core.runtime
    -> Bundle-SymbolicName: org.eclipse.core.runtime; bundle-version="3.26.100.v20221021-0005"; singleton:="true"
       org.eclipse.core.runtime [26]
         Unresolved requirement: Require-Capability: osgi.ee; filter:="(&(osgi.ee=JavaSE)(version=11))"
         Unresolved requirement: Require-Bundle: org.eclipse.core.contenttype; bundle-version="[3.8.0,4.0.0)"; visibility:="reexport"
           -> Bundle-SymbolicName: org.eclipse.core.contenttype; bundle-version="3.8.200.v20220817-1539"; singleton:="true"
              org.eclipse.core.contenttype [18]
                Unresolved requirement: Require-Bundle: org.eclipse.equinox.preferences; bundle-version="[3.2.0,4.0.0)"
                  -> Bundle-SymbolicName: org.eclipse.equinox.preferences; bundle-version="3.10.100.v20220710-1223"; singleton:="true"
                     org.eclipse.equinox.preferences [35]
                       Unresolved requirement: Require-Bundle: org.eclipse.equinox.common; bundle-version="[3.2.0,4.0.0)"
                         -> Bundle-SymbolicName: org.eclipse.equinox.common; bundle-version="3.17.0.v20221006-0914"; singleton:="true"
                            org.eclipse.equinox.common [30]
                              Unresolved requirement: Require-Capability: osgi.ee; filter:="(&(osgi.ee=JavaSE)(version=11))"
         Unresolved requirement: Require-Bundle: org.eclipse.equinox.registry; bundle-version="[3.11.0,4.0.0)"; visibility:="reexport"
           -> Bundle-SymbolicName: org.eclipse.equinox.registry; bundle-version="3.11.200.v20220817-1601"; singleton:="true"
              org.eclipse.equinox.registry [36]
                Unresolved requirement: Require-Bundle: org.eclipse.equinox.common; bundle-version="[3.15.100,4.0.0)"
                  -> Bundle-SymbolicName: org.eclipse.equinox.common; bundle-version="3.17.0.v20221006-0914"; singleton:="true"
                Unresolved requirement: Import-Package: org.eclipse.core.runtime.jobs; resolution:="optional"
                  -> Export-Package: org.eclipse.core.runtime.jobs; bundle-symbolic-name="org.eclipse.core.jobs"; bundle-version="3.13.200.v20221027-1557"; version="0.0.0"
                     org.eclipse.core.jobs [22]
                       Unresolved requirement: Require-Bundle: org.eclipse.equinox.common; bundle-version="[3.8.0,4.0.0)"
                         -> Bundle-SymbolicName: org.eclipse.equinox.common; bundle-version="3.17.0.v20221006-0914"; singleton:="true"
         Unresolved requirement: Require-Bundle: org.eclipse.equinox.preferences; bundle-version="[3.10.0,4.0.0)"; visibility:="reexport"
           -> Bundle-SymbolicName: org.eclipse.equinox.preferences; bundle-version="3.10.100.v20220710-1223"; singleton:="true"
         Unresolved requirement: Require-Bundle: org.eclipse.equinox.common; bundle-version="3.16.0"; visibility:="reexport"
           -> Bundle-SymbolicName: org.eclipse.equinox.common; bundle-version="3.17.0.v20221006-0914"; singleton:="true"
         Unresolved requirement: Require-Bundle: org.eclipse.equinox.app; bundle-version="1.6.0"; visibility:="reexport"
           -> Bundle-SymbolicName: org.eclipse.equinox.app; bundle-version="1.6.200.v20220720-2012"; singleton:="true"
              org.eclipse.equinox.app [29]
                Unresolved requirement: Require-Bundle: org.eclipse.equinox.registry; bundle-version="[3.4.0,4.0.0)"
                  -> Bundle-SymbolicName: org.eclipse.equinox.registry; bundle-version="3.11.200.v20220817-1601"; singleton:="true"
         Unresolved requirement: Require-Bundle: org.eclipse.core.jobs; bundle-version="[3.13.0,4.0.0)"; visibility:="reexport"
           -> Bundle-SymbolicName: org.eclipse.core.jobs; bundle-version="3.13.200.v20221027-1557"; singleton:="true"
  Unresolved requirement: Require-Bundle: org.eclipse.core.expressions
    -> Bundle-SymbolicName: org.eclipse.core.expressions; bundle-version="3.8.200.v20220613-1047"; singleton:="true"
       org.eclipse.core.expressions [19]
         Unresolved requirement: Require-Bundle: org.eclipse.core.runtime; bundle-version="[3.3.0,4.0.0)"
           -> Bundle-SymbolicName: org.eclipse.core.runtime; bundle-version="3.26.100.v20221021-0005"; singleton:="true"
  Unresolved requirement: Require-Bundle: org.eclipse.core.net
    -> Bundle-SymbolicName: org.eclipse.core.net; bundle-version="1.4.0.v20220813-1037"; singleton:="true"
       org.eclipse.core.net [23]
         Unresolved requirement: Require-Bundle: org.eclipse.equinox.security; bundle-version="[1.0.0,2.0.0)"
           -> Bundle-SymbolicName: org.eclipse.equinox.security; bundle-version="1.3.1000.v20220801-1135"; singleton:="true"
              org.eclipse.equinox.security [37]
                Unresolved requirement: Import-Package: org.eclipse.core.internal.runtime; common="split"
                  -> Export-Package: org.eclipse.core.internal.runtime; bundle-symbolic-name="org.eclipse.equinox.common"; common="split"; bundle-version="3.17.0.v20221006-0914"; version="0.0.0"; x-friends:="org.eclipse.core.contenttype,  org.eclipse.core.jobs,  org.eclipse.equinox.preferences,  org.eclipse.equinox.registry,  org.eclipse.core.runtime,  org.eclipse.core.runtime.compatibility,  org.eclipse.core.filesystem,  org.eclipse.equinox.security"; mandatory:="common"
         Unresolved requirement: Require-Bundle: org.eclipse.equinox.common; bundle-version="3.12.0"
           -> Bundle-SymbolicName: org.eclipse.equinox.common; bundle-version="3.17.0.v20221006-0914"; singleton:="true"
  Unresolved requirement: Require-Bundle: org.eclipse.core.filesystem
    -> Bundle-SymbolicName: org.eclipse.core.filesystem; bundle-version="1.9.500.v20220817-1539"; singleton:="true"
       org.eclipse.core.filesystem [21]
         Unresolved requirement: Require-Bundle: org.eclipse.equinox.common; bundle-version="[3.2.0,4.0.0)"
           -> Bundle-SymbolicName: org.eclipse.equinox.common; bundle-version="3.17.0.v20221006-0914"; singleton:="true"


!ENTRY org.eclipse.m2e.jdt 2 0 2022-12-22 16:58:07.492
!MESSAGE Could not resolve module: org.eclipse.m2e.jdt [58]
  Unresolved requirement: Require-Bundle: org.eclipse.core.runtime
    -> Bundle-SymbolicName: org.eclipse.core.runtime; bundle-version="3.26.100.v20221021-0005"; singleton:="true"
       org.eclipse.core.runtime [26]
         Unresolved requirement: Require-Capability: osgi.ee; filter:="(&(osgi.ee=JavaSE)(version=11))"
         Unresolved requirement: Require-Bundle: org.eclipse.core.contenttype; bundle-version="[3.8.0,4.0.0)"; visibility:="reexport"
           -> Bundle-SymbolicName: org.eclipse.core.contenttype; bundle-version="3.8.200.v20220817-1539"; singleton:="true"
              org.eclipse.core.contenttype [18]
                Unresolved requirement: Require-Bundle: org.eclipse.equinox.preferences; bundle-version="[3.2.0,4.0.0)"
                  -> Bundle-SymbolicName: org.eclipse.equinox.preferences; bundle-version="3.10.100.v20220710-1223"; singleton:="true"
                     org.eclipse.equinox.preferences [35]
                       Unresolved requirement: Require-Bundle: org.eclipse.equinox.common; bundle-version="[3.2.0,4.0.0)"
                         -> Bundle-SymbolicName: org.eclipse.equinox.common; bundle-version="3.17.0.v20221006-0914"; singleton:="true"
                            org.eclipse.equinox.common [30]
                              Unresolved requirement: Require-Capability: osgi.ee; filter:="(&(osgi.ee=JavaSE)(version=11))"
         Unresolved requirement: Require-Bundle: org.eclipse.equinox.registry; bundle-version="[3.11.0,4.0.0)"; visibility:="reexport"
           -> Bundle-SymbolicName: org.eclipse.equinox.registry; bundle-version="3.11.200.v20220817-1601"; singleton:="true"
              org.eclipse.equinox.registry [36]
                Unresolved requirement: Require-Bundle: org.eclipse.equinox.common; bundle-version="[3.15.100,4.0.0)"
                  -> Bundle-SymbolicName: org.eclipse.equinox.common; bundle-version="3.17.0.v20221006-0914"; singleton:="true"
                Unresolved requirement: Import-Package: org.eclipse.core.runtime.jobs; resolution:="optional"
                  -> Export-Package: org.eclipse.core.runtime.jobs; bundle-symbolic-name="org.eclipse.core.jobs"; bundle-version="3.13.200.v20221027-1557"; version="0.0.0"
                     org.eclipse.core.jobs [22]
                       Unresolved requirement: Require-Bundle: org.eclipse.equinox.common; bundle-version="[3.8.0,4.0.0)"
                         -> Bundle-SymbolicName: org.eclipse.equinox.common; bundle-version="3.17.0.v20221006-0914"; singleton:="true"
         Unresolved requirement: Require-Bundle: org.eclipse.equinox.preferences; bundle-version="[3.10.0,4.0.0)"; visibility:="reexport"
           -> Bundle-SymbolicName: org.eclipse.equinox.preferences; bundle-version="3.10.100.v20220710-1223"; singleton:="true"
         Unresolved requirement: Require-Bundle: org.eclipse.equinox.common; bundle-version="3.16.0"; visibility:="reexport"
           -> Bundle-SymbolicName: org.eclipse.equinox.common; bundle-version="3.17.0.v20221006-0914"; singleton:="true"
         Unresolved requirement: Require-Bundle: org.eclipse.equinox.app; bundle-version="1.6.0"; visibility:="reexport"
           -> Bundle-SymbolicName: org.eclipse.equinox.app; bundle-version="1.6.200.v20220720-2012"; singleton:="true"
              org.eclipse.equinox.app [29]
                Unresolved requirement: Require-Bundle: org.eclipse.equinox.registry; bundle-version="[3.4.0,4.0.0)"
                  -> Bundle-SymbolicName: org.eclipse.equinox.registry; bundle-version="3.11.200.v20220817-1601"; singleton:="true"
         Unresolved requirement: Require-Bundle: org.eclipse.core.jobs; bundle-version="[3.13.0,4.0.0)"; visibility:="reexport"
           -> Bundle-SymbolicName: org.eclipse.core.jobs; bundle-version="3.13.200.v20221027-1557"; singleton:="true"


!ENTRY org.eclipse.equinox.common 2 0 2022-12-22 16:58:07.494
!MESSAGE Could not resolve module: org.eclipse.equinox.common [30]
  Unresolved requirement: Require-Capability: osgi.ee; filter:="(&(osgi.ee=JavaSE)(version=11))"


!ENTRY org.eclipse.text 2 0 2022-12-22 16:58:07.495
!MESSAGE Could not resolve module: org.eclipse.text [63]
  Unresolved requirement: Require-Bundle: org.eclipse.core.commands; bundle-version="[3.5.0,4.0.0)"
    -> Bundle-SymbolicName: org.eclipse.core.commands; bundle-version="3.10.300.v20221024-2137"
       org.eclipse.core.commands [17]
         Unresolved requirement: Require-Bundle: org.eclipse.equinox.common; bundle-version="[3.2.0,4.0.0)"
           -> Bundle-SymbolicName: org.eclipse.equinox.common; bundle-version="3.17.0.v20221006-0914"; singleton:="true"
              org.eclipse.equinox.common [30]
                Unresolved requirement: Require-Capability: osgi.ee; filter:="(&(osgi.ee=JavaSE)(version=11))"


!ENTRY org.eclipse.jdt.debug 2 0 2022-12-22 16:58:07.497
!MESSAGE Could not resolve module: org.eclipse.jdt.debug [47]
  Unresolved requirement: Require-Bundle: org.eclipse.core.resources; bundle-version="[3.14.0,4.0.0)"
    -> Bundle-SymbolicName: org.eclipse.core.resources; bundle-version="3.18.100.v20221025-2047"; singleton:="true"
       org.eclipse.core.resources [25]
         Unresolved requirement: Require-Bundle: org.eclipse.ant.core; bundle-version="[3.1.0,4.0.0)"; resolution:="optional"
           -> Bundle-SymbolicName: org.eclipse.ant.core; bundle-version="3.6.500.v20220718-1722"; singleton:="true"
              org.eclipse.ant.core [13]
                Unresolved requirement: Require-Bundle: org.eclipse.core.variables; bundle-version="[3.1.0,4.0.0)"
                  -> Bundle-SymbolicName: org.eclipse.core.variables; bundle-version="3.5.100.v20210721-1355"; singleton:="true"
                     org.eclipse.core.variables [27]
                       Unresolved requirement: Require-Capability: osgi.ee; filter:="(&(osgi.ee=JavaSE)(version=11))"
                       Unresolved requirement: Require-Bundle: org.eclipse.core.runtime; bundle-version="[3.3.0,4.0.0)"
                         -> Bundle-SymbolicName: org.eclipse.core.runtime; bundle-version="3.26.100.v20221021-0005"; singleton:="true"
                            org.eclipse.core.runtime [26]
                              Unresolved requirement: Require-Capability: osgi.ee; filter:="(&(osgi.ee=JavaSE)(version=11))"
                              Unresolved requirement: Require-Bundle: org.eclipse.core.contenttype; bundle-version="[3.8.0,4.0.0)"; visibility:="reexport"
                                -> Bundle-SymbolicName: org.eclipse.core.contenttype; bundle-version="3.8.200.v20220817-1539"; singleton:="true"
                                   org.eclipse.core.contenttype [18]
                                     Unresolved requirement: Require-Bundle: org.eclipse.equinox.preferences; bundle-version="[3.2.0,4.0.0)"
                                       -> Bundle-SymbolicName: org.eclipse.equinox.preferences; bundle-version="3.10.100.v20220710-1223"; singleton:="true"
                                          org.eclipse.equinox.preferences [35]
                                            Unresolved requirement: Require-Bundle: org.eclipse.equinox.common; bundle-version="[3.2.0,4.0.0)"
                                              -> Bundle-SymbolicName: org.eclipse.equinox.common; bundle-version="3.17.0.v20221006-0914"; singleton:="true"
                                                 org.eclipse.equinox.common [30]
                                                   Unresolved requirement: Require-Capability: osgi.ee; filter:="(&(osgi.ee=JavaSE)(version=11))"
                              Unresolved requirement: Require-Bundle: org.eclipse.equinox.registry; bundle-version="[3.11.0,4.0.0)"; visibility:="reexport"
                                -> Bundle-SymbolicName: org.eclipse.equinox.registry; bundle-version="3.11.200.v20220817-1601"; singleton:="true"
                                   org.eclipse.equinox.registry [36]
                                     Unresolved requirement: Require-Bundle: org.eclipse.equinox.common; bundle-version="[3.15.100,4.0.0)"
                                       -> Bundle-SymbolicName: org.eclipse.equinox.common; bundle-version="3.17.0.v20221006-0914"; singleton:="true"
                                     Unresolved requirement: Import-Package: org.eclipse.core.runtime.jobs; resolution:="optional"
                                       -> Export-Package: org.eclipse.core.runtime.jobs; bundle-symbolic-name="org.eclipse.core.jobs"; bundle-version="3.13.200.v20221027-1557"; version="0.0.0"
                                          org.eclipse.core.jobs [22]
                                            Unresolved requirement: Require-Bundle: org.eclipse.equinox.common; bundle-version="[3.8.0,4.0.0)"
                                              -> Bundle-SymbolicName: org.eclipse.equinox.common; bundle-version="3.17.0.v20221006-0914"; singleton:="true"
                              Unresolved requirement: Require-Bundle: org.eclipse.equinox.preferences; bundle-version="[3.10.0,4.0.0)"; visibility:="reexport"
                                -> Bundle-SymbolicName: org.eclipse.equinox.preferences; bundle-version="3.10.100.v20220710-1223"; singleton:="true"
                              Unresolved requirement: Require-Bundle: org.eclipse.equinox.common; bundle-version="3.16.0"; visibility:="reexport"
                                -> Bundle-SymbolicName: org.eclipse.equinox.common; bundle-version="3.17.0.v20221006-0914"; singleton:="true"
                              Unresolved requirement: Require-Bundle: org.eclipse.equinox.app; bundle-version="1.6.0"; visibility:="reexport"
                                -> Bundle-SymbolicName: org.eclipse.equinox.app; bundle-version="1.6.200.v20220720-2012"; singleton:="true"
                                   org.eclipse.equinox.app [29]
                                     Unresolved requirement: Require-Bundle: org.eclipse.equinox.registry; bundle-version="[3.4.0,4.0.0)"
                                       -> Bundle-SymbolicName: org.eclipse.equinox.registry; bundle-version="3.11.200.v20220817-1601"; singleton:="true"
                              Unresolved requirement: Require-Bundle: org.eclipse.core.jobs; bundle-version="[3.13.0,4.0.0)"; visibility:="reexport"
                                -> Bundle-SymbolicName: org.eclipse.core.jobs; bundle-version="3.13.200.v20221027-1557"; singleton:="true"
                Unresolved requirement: Require-Bundle: org.eclipse.core.runtime; bundle-version="[3.25.0,4.0.0)"
                  -> Bundle-SymbolicName: org.eclipse.core.runtime; bundle-version="3.26.100.v20221021-0005"; singleton:="true"
         Unresolved requirement: Require-Bundle: org.eclipse.core.expressions; bundle-version="[3.2.0,4.0.0)"
           -> Bundle-SymbolicName: org.eclipse.core.expressions; bundle-version="3.8.200.v20220613-1047"; singleton:="true"
              org.eclipse.core.expressions [19]
                Unresolved requirement: Require-Bundle: org.eclipse.core.runtime; bundle-version="[3.3.0,4.0.0)"
                  -> Bundle-SymbolicName: org.eclipse.core.runtime; bundle-version="3.26.100.v20221021-0005"; singleton:="true"


!ENTRY org.eclipse.equinox.registry 2 0 2022-12-22 16:58:07.499
!MESSAGE Could not resolve module: org.eclipse.equinox.registry [36]
  Unresolved requirement: Require-Bundle: org.eclipse.equinox.common; bundle-version="[3.15.100,4.0.0)"
    -> Bundle-SymbolicName: org.eclipse.equinox.common; bundle-version="3.17.0.v20221006-0914"; singleton:="true"
       org.eclipse.equinox.common [30]
         Unresolved requirement: Require-Capability: osgi.ee; filter:="(&(osgi.ee=JavaSE)(version=11))"
  Unresolved requirement: Import-Package: org.eclipse.core.runtime.jobs; resolution:="optional"
    -> Export-Package: org.eclipse.core.runtime.jobs; bundle-symbolic-name="org.eclipse.core.jobs"; bundle-version="3.13.200.v20221027-1557"; version="0.0.0"
       org.eclipse.core.jobs [22]
         Unresolved requirement: Require-Bundle: org.eclipse.equinox.common; bundle-version="[3.8.0,4.0.0)"
           -> Bundle-SymbolicName: org.eclipse.equinox.common; bundle-version="3.17.0.v20221006-0914"; singleton:="true"


!ENTRY org.eclipse.ltk.core.refactoring 2 0 2022-12-22 16:58:07.501
!MESSAGE Could not resolve module: org.eclipse.ltk.core.refactoring [55]
  Unresolved requirement: Require-Bundle: org.eclipse.core.runtime; bundle-version="[3.25.0,4.0.0)"
    -> Bundle-SymbolicName: org.eclipse.core.runtime; bundle-version="3.26.100.v20221021-0005"; singleton:="true"
       org.eclipse.core.runtime [26]
         Unresolved requirement: Require-Capability: osgi.ee; filter:="(&(osgi.ee=JavaSE)(version=11))"
         Unresolved requirement: Require-Bundle: org.eclipse.core.contenttype; bundle-version="[3.8.0,4.0.0)"; visibility:="reexport"
           -> Bundle-SymbolicName: org.eclipse.core.contenttype; bundle-version="3.8.200.v20220817-1539"; singleton:="true"
              org.eclipse.core.contenttype [18]
                Unresolved requirement: Require-Bundle: org.eclipse.equinox.preferences; bundle-version="[3.2.0,4.0.0)"
                  -> Bundle-SymbolicName: org.eclipse.equinox.preferences; bundle-version="3.10.100.v20220710-1223"; singleton:="true"
                     org.eclipse.equinox.preferences [35]
                       Unresolved requirement: Require-Bundle: org.eclipse.equinox.common; bundle-version="[3.2.0,4.0.0)"
                         -> Bundle-SymbolicName: org.eclipse.equinox.common; bundle-version="3.17.0.v20221006-0914"; singleton:="true"
                            org.eclipse.equinox.common [30]
                              Unresolved requirement: Require-Capability: osgi.ee; filter:="(&(osgi.ee=JavaSE)(version=11))"
         Unresolved requirement: Require-Bundle: org.eclipse.equinox.registry; bundle-version="[3.11.0,4.0.0)"; visibility:="reexport"
           -> Bundle-SymbolicName: org.eclipse.equinox.registry; bundle-version="3.11.200.v20220817-1601"; singleton:="true"
              org.eclipse.equinox.registry [36]
                Unresolved requirement: Require-Bundle: org.eclipse.equinox.common; bundle-version="[3.15.100,4.0.0)"
                  -> Bundle-SymbolicName: org.eclipse.equinox.common; bundle-version="3.17.0.v20221006-0914"; singleton:="true"
                Unresolved requirement: Import-Package: org.eclipse.core.runtime.jobs; resolution:="optional"
                  -> Export-Package: org.eclipse.core.runtime.jobs; bundle-symbolic-name="org.eclipse.core.jobs"; bundle-version="3.13.200.v20221027-1557"; version="0.0.0"
                     org.eclipse.core.jobs [22]
                       Unresolved requirement: Require-Bundle: org.eclipse.equinox.common; bundle-version="[3.8.0,4.0.0)"
                         -> Bundle-SymbolicName: org.eclipse.equinox.common; bundle-version="3.17.0.v20221006-0914"; singleton:="true"
         Unresolved requirement: Require-Bundle: org.eclipse.equinox.preferences; bundle-version="[3.10.0,4.0.0)"; visibility:="reexport"
           -> Bundle-SymbolicName: org.eclipse.equinox.preferences; bundle-version="3.10.100.v20220710-1223"; singleton:="true"
         Unresolved requirement: Require-Bundle: org.eclipse.equinox.common; bundle-version="3.16.0"; visibility:="reexport"
           -> Bundle-SymbolicName: org.eclipse.equinox.common; bundle-version="3.17.0.v20221006-0914"; singleton:="true"
         Unresolved requirement: Require-Bundle: org.eclipse.equinox.app; bundle-version="1.6.0"; visibility:="reexport"
           -> Bundle-SymbolicName: org.eclipse.equinox.app; bundle-version="1.6.200.v20220720-2012"; singleton:="true"
              org.eclipse.equinox.app [29]
                Unresolved requirement: Require-Bundle: org.eclipse.equinox.registry; bundle-version="[3.4.0,4.0.0)"
                  -> Bundle-SymbolicName: org.eclipse.equinox.registry; bundle-version="3.11.200.v20220817-1601"; singleton:="true"
         Unresolved requirement: Require-Bundle: org.eclipse.core.jobs; bundle-version="[3.13.0,4.0.0)"; visibility:="reexport"
           -> Bundle-SymbolicName: org.eclipse.core.jobs; bundle-version="3.13.200.v20221027-1557"; singleton:="true"


!ENTRY org.eclipse.equinox.simpleconfigurator 2 0 2022-12-22 16:58:07.504
!MESSAGE Could not resolve module: org.eclipse.equinox.simpleconfigurator [39]
  Unresolved requirement: Require-Capability: osgi.ee; filter:="(&(osgi.ee=JavaSE)(version=11))"


!ENTRY org.eclipse.equinox.security 2 0 2022-12-22 16:58:07.505
!MESSAGE Could not resolve module: org.eclipse.equinox.security [37]
  Unresolved requirement: Import-Package: org.eclipse.core.internal.runtime; common="split"
    -> Export-Package: org.eclipse.core.internal.runtime; bundle-symbolic-name="org.eclipse.equinox.common"; common="split"; bundle-version="3.17.0.v20221006-0914"; version="0.0.0"; x-friends:="org.eclipse.core.contenttype,  org.eclipse.core.jobs,  org.eclipse.equinox.preferences,  org.eclipse.equinox.registry,  org.eclipse.core.runtime,  org.eclipse.core.runtime.compatibility,  org.eclipse.core.filesystem,  org.eclipse.equinox.security"; mandatory:="common"
       org.eclipse.equinox.common [30]
         Unresolved requirement: Require-Capability: osgi.ee; filter:="(&(osgi.ee=JavaSE)(version=11))"


!ENTRY org.eclipse.jdt.compiler.tool 2 0 2022-12-22 16:58:07.508
!MESSAGE Could not resolve module: org.eclipse.jdt.compiler.tool [44]
  Unresolved requirement: Fragment-Host: org.eclipse.jdt.core; bundle-version="[3.30.100,4.0.0)"
    -> Bundle-SymbolicName: org.eclipse.jdt.core; bundle-version="3.32.0.v20221027-1633"; singleton:="true"
       org.eclipse.jdt.core [45]
         Unresolved requirement: Require-Bundle: org.eclipse.core.resources; bundle-version="[3.18.0,4.0.0)"
           -> Bundle-SymbolicName: org.eclipse.core.resources; bundle-version="3.18.100.v20221025-2047"; singleton:="true"
              org.eclipse.core.resources [25]
                Unresolved requirement: Require-Bundle: org.eclipse.ant.core; bundle-version="[3.1.0,4.0.0)"; resolution:="optional"
                  -> Bundle-SymbolicName: org.eclipse.ant.core; bundle-version="3.6.500.v20220718-1722"; singleton:="true"
                     org.eclipse.ant.core [13]
                       Unresolved requirement: Require-Bundle: org.eclipse.core.variables; bundle-version="[3.1.0,4.0.0)"
                         -> Bundle-SymbolicName: org.eclipse.core.variables; bundle-version="3.5.100.v20210721-1355"; singleton:="true"
                            org.eclipse.core.variables [27]
                              Unresolved requirement: Require-Capability: osgi.ee; filter:="(&(osgi.ee=JavaSE)(version=11))"
                              Unresolved requirement: Require-Bundle: org.eclipse.core.runtime; bundle-version="[3.3.0,4.0.0)"
                                -> Bundle-SymbolicName: org.eclipse.core.runtime; bundle-version="3.26.100.v20221021-0005"; singleton:="true"
                                   org.eclipse.core.runtime [26]
                                     Unresolved requirement: Require-Capability: osgi.ee; filter:="(&(osgi.ee=JavaSE)(version=11))"
                                     Unresolved requirement: Require-Bundle: org.eclipse.core.contenttype; bundle-version="[3.8.0,4.0.0)"; visibility:="reexport"
                                       -> Bundle-SymbolicName: org.eclipse.core.contenttype; bundle-version="3.8.200.v20220817-1539"; singleton:="true"
                                          org.eclipse.core.contenttype [18]
                                            Unresolved requirement: Require-Bundle: org.eclipse.equinox.preferences; bundle-version="[3.2.0,4.0.0)"
                                              -> Bundle-SymbolicName: org.eclipse.equinox.preferences; bundle-version="3.10.100.v20220710-1223"; singleton:="true"
                                                 org.eclipse.equinox.preferences [35]
                                                   Unresolved requirement: Require-Bundle: org.eclipse.equinox.common; bundle-version="[3.2.0,4.0.0)"
                                                     -> Bundle-SymbolicName: org.eclipse.equinox.common; bundle-version="3.17.0.v20221006-0914"; singleton:="true"
                                                        org.eclipse.equinox.common [30]
                                                          Unresolved requirement: Require-Capability: osgi.ee; filter:="(&(osgi.ee=JavaSE)(version=11))"
                                     Unresolved requirement: Require-Bundle: org.eclipse.equinox.registry; bundle-version="[3.11.0,4.0.0)"; visibility:="reexport"
                                       -> Bundle-SymbolicName: org.eclipse.equinox.registry; bundle-version="3.11.200.v20220817-1601"; singleton:="true"
                                          org.eclipse.equinox.registry [36]
                                            Unresolved requirement: Require-Bundle: org.eclipse.equinox.common; bundle-version="[3.15.100,4.0.0)"
                                              -> Bundle-SymbolicName: org.eclipse.equinox.common; bundle-version="3.17.0.v20221006-0914"; singleton:="true"
                                            Unresolved requirement: Import-Package: org.eclipse.core.runtime.jobs; resolution:="optional"
                                              -> Export-Package: org.eclipse.core.runtime.jobs; bundle-symbolic-name="org.eclipse.core.jobs"; bundle-version="3.13.200.v20221027-1557"; version="0.0.0"
                                                 org.eclipse.core.jobs [22]
                                                   Unresolved requirement: Require-Bundle: org.eclipse.equinox.common; bundle-version="[3.8.0,4.0.0)"
                                                     -> Bundle-SymbolicName: org.eclipse.equinox.common; bundle-version="3.17.0.v20221006-0914"; singleton:="true"
                                     Unresolved requirement: Require-Bundle: org.eclipse.equinox.preferences; bundle-version="[3.10.0,4.0.0)"; visibility:="reexport"
                                       -> Bundle-SymbolicName: org.eclipse.equinox.preferences; bundle-version="3.10.100.v20220710-1223"; singleton:="true"
                                     Unresolved requirement: Require-Bundle: org.eclipse.equinox.common; bundle-version="3.16.0"; visibility:="reexport"
                                       -> Bundle-SymbolicName: org.eclipse.equinox.common; bundle-version="3.17.0.v20221006-0914"; singleton:="true"
                                     Unresolved requirement: Require-Bundle: org.eclipse.equinox.app; bundle-version="1.6.0"; visibility:="reexport"
                                       -> Bundle-SymbolicName: org.eclipse.equinox.app; bundle-version="1.6.200.v20220720-2012"; singleton:="true"
                                          org.eclipse.equinox.app [29]
                                            Unresolved requirement: Require-Bundle: org.eclipse.equinox.registry; bundle-version="[3.4.0,4.0.0)"
                                              -> Bundle-SymbolicName: org.eclipse.equinox.registry; bundle-version="3.11.200.v20220817-1601"; singleton:="true"
                                     Unresolved requirement: Require-Bundle: org.eclipse.core.jobs; bundle-version="[3.13.0,4.0.0)"; visibility:="reexport"
                                       -> Bundle-SymbolicName: org.eclipse.core.jobs; bundle-version="3.13.200.v20221027-1557"; singleton:="true"
                       Unresolved requirement: Require-Bundle: org.eclipse.core.runtime; bundle-version="[3.25.0,4.0.0)"
                         -> Bundle-SymbolicName: org.eclipse.core.runtime; bundle-version="3.26.100.v20221021-0005"; singleton:="true"
                Unresolved requirement: Require-Bundle: org.eclipse.core.expressions; bundle-version="[3.2.0,4.0.0)"
                  -> Bundle-SymbolicName: org.eclipse.core.expressions; bundle-version="3.8.200.v20220613-1047"; singleton:="true"
                     org.eclipse.core.expressions [19]
                       Unresolved requirement: Require-Bundle: org.eclipse.core.runtime; bundle-version="[3.3.0,4.0.0)"
                         -> Bundle-SymbolicName: org.eclipse.core.runtime; bundle-version="3.26.100.v20221021-0005"; singleton:="true"


!ENTRY org.eclipse.jdt.ls.logback.appender 2 0 2022-12-22 16:58:07.510
!MESSAGE Could not resolve module: org.eclipse.jdt.ls.logback.appender [52]
  Unresolved requirement: Require-Bundle: org.eclipse.core.runtime; bundle-version="3.25.0"
    -> Bundle-SymbolicName: org.eclipse.core.runtime; bundle-version="3.26.100.v20221021-0005"; singleton:="true"
       org.eclipse.core.runtime [26]
         Unresolved requirement: Require-Capability: osgi.ee; filter:="(&(osgi.ee=JavaSE)(version=11))"
         Unresolved requirement: Require-Bundle: org.eclipse.core.contenttype; bundle-version="[3.8.0,4.0.0)"; visibility:="reexport"
           -> Bundle-SymbolicName: org.eclipse.core.contenttype; bundle-version="3.8.200.v20220817-1539"; singleton:="true"
              org.eclipse.core.contenttype [18]
                Unresolved requirement: Require-Bundle: org.eclipse.equinox.preferences; bundle-version="[3.2.0,4.0.0)"
                  -> Bundle-SymbolicName: org.eclipse.equinox.preferences; bundle-version="3.10.100.v20220710-1223"; singleton:="true"
                     org.eclipse.equinox.preferences [35]
                       Unresolved requirement: Require-Bundle: org.eclipse.equinox.common; bundle-version="[3.2.0,4.0.0)"
                         -> Bundle-SymbolicName: org.eclipse.equinox.common; bundle-version="3.17.0.v20221006-0914"; singleton:="true"
                            org.eclipse.equinox.common [30]
                              Unresolved requirement: Require-Capability: osgi.ee; filter:="(&(osgi.ee=JavaSE)(version=11))"
         Unresolved requirement: Require-Bundle: org.eclipse.equinox.registry; bundle-version="[3.11.0,4.0.0)"; visibility:="reexport"
           -> Bundle-SymbolicName: org.eclipse.equinox.registry; bundle-version="3.11.200.v20220817-1601"; singleton:="true"
              org.eclipse.equinox.registry [36]
                Unresolved requirement: Require-Bundle: org.eclipse.equinox.common; bundle-version="[3.15.100,4.0.0)"
                  -> Bundle-SymbolicName: org.eclipse.equinox.common; bundle-version="3.17.0.v20221006-0914"; singleton:="true"
                Unresolved requirement: Import-Package: org.eclipse.core.runtime.jobs; resolution:="optional"
                  -> Export-Package: org.eclipse.core.runtime.jobs; bundle-symbolic-name="org.eclipse.core.jobs"; bundle-version="3.13.200.v20221027-1557"; version="0.0.0"
                     org.eclipse.core.jobs [22]
                       Unresolved requirement: Require-Bundle: org.eclipse.equinox.common; bundle-version="[3.8.0,4.0.0)"
                         -> Bundle-SymbolicName: org.eclipse.equinox.common; bundle-version="3.17.0.v20221006-0914"; singleton:="true"
         Unresolved requirement: Require-Bundle: org.eclipse.equinox.preferences; bundle-version="[3.10.0,4.0.0)"; visibility:="reexport"
           -> Bundle-SymbolicName: org.eclipse.equinox.preferences; bundle-version="3.10.100.v20220710-1223"; singleton:="true"
         Unresolved requirement: Require-Bundle: org.eclipse.equinox.common; bundle-version="3.16.0"; visibility:="reexport"
           -> Bundle-SymbolicName: org.eclipse.equinox.common; bundle-version="3.17.0.v20221006-0914"; singleton:="true"
         Unresolved requirement: Require-Bundle: org.eclipse.equinox.app; bundle-version="1.6.0"; visibility:="reexport"
           -> Bundle-SymbolicName: org.eclipse.equinox.app; bundle-version="1.6.200.v20220720-2012"; singleton:="true"
              org.eclipse.equinox.app [29]
                Unresolved requirement: Require-Bundle: org.eclipse.equinox.registry; bundle-version="[3.4.0,4.0.0)"
                  -> Bundle-SymbolicName: org.eclipse.equinox.registry; bundle-version="3.11.200.v20220817-1601"; singleton:="true"
         Unresolved requirement: Require-Bundle: org.eclipse.core.jobs; bundle-version="[3.13.0,4.0.0)"; visibility:="reexport"
           -> Bundle-SymbolicName: org.eclipse.core.jobs; bundle-version="3.13.200.v20221027-1557"; singleton:="true"


!ENTRY org.eclipse.core.variables 2 0 2022-12-22 16:58:07.511
!MESSAGE Could not resolve module: org.eclipse.core.variables [27]
  Unresolved requirement: Require-Capability: osgi.ee; filter:="(&(osgi.ee=JavaSE)(version=11))"
  Unresolved requirement: Require-Bundle: org.eclipse.core.runtime; bundle-version="[3.3.0,4.0.0)"
    -> Bundle-SymbolicName: org.eclipse.core.runtime; bundle-version="3.26.100.v20221021-0005"; singleton:="true"
       org.eclipse.core.runtime [26]
         Unresolved requirement: Require-Capability: osgi.ee; filter:="(&(osgi.ee=JavaSE)(version=11))"
         Unresolved requirement: Require-Bundle: org.eclipse.core.contenttype; bundle-version="[3.8.0,4.0.0)"; visibility:="reexport"
           -> Bundle-SymbolicName: org.eclipse.core.contenttype; bundle-version="3.8.200.v20220817-1539"; singleton:="true"
              org.eclipse.core.contenttype [18]
                Unresolved requirement: Require-Bundle: org.eclipse.equinox.preferences; bundle-version="[3.2.0,4.0.0)"
                  -> Bundle-SymbolicName: org.eclipse.equinox.preferences; bundle-version="3.10.100.v20220710-1223"; singleton:="true"
                     org.eclipse.equinox.preferences [35]
                       Unresolved requirement: Require-Bundle: org.eclipse.equinox.common; bundle-version="[3.2.0,4.0.0)"
                         -> Bundle-SymbolicName: org.eclipse.equinox.common; bundle-version="3.17.0.v20221006-0914"; singleton:="true"
                            org.eclipse.equinox.common [30]
                              Unresolved requirement: Require-Capability: osgi.ee; filter:="(&(osgi.ee=JavaSE)(version=11))"
         Unresolved requirement: Require-Bundle: org.eclipse.equinox.registry; bundle-version="[3.11.0,4.0.0)"; visibility:="reexport"
           -> Bundle-SymbolicName: org.eclipse.equinox.registry; bundle-version="3.11.200.v20220817-1601"; singleton:="true"
              org.eclipse.equinox.registry [36]
                Unresolved requirement: Require-Bundle: org.eclipse.equinox.common; bundle-version="[3.15.100,4.0.0)"
                  -> Bundle-SymbolicName: org.eclipse.equinox.common; bundle-version="3.17.0.v20221006-0914"; singleton:="true"
                Unresolved requirement: Import-Package: org.eclipse.core.runtime.jobs; resolution:="optional"
                  -> Export-Package: org.eclipse.core.runtime.jobs; bundle-symbolic-name="org.eclipse.core.jobs"; bundle-version="3.13.200.v20221027-1557"; version="0.0.0"
                     org.eclipse.core.jobs [22]
                       Unresolved requirement: Require-Bundle: org.eclipse.equinox.common; bundle-version="[3.8.0,4.0.0)"
                         -> Bundle-SymbolicName: org.eclipse.equinox.common; bundle-version="3.17.0.v20221006-0914"; singleton:="true"
         Unresolved requirement: Require-Bundle: org.eclipse.equinox.preferences; bundle-version="[3.10.0,4.0.0)"; visibility:="reexport"
           -> Bundle-SymbolicName: org.eclipse.equinox.preferences; bundle-version="3.10.100.v20220710-1223"; singleton:="true"
         Unresolved requirement: Require-Bundle: org.eclipse.equinox.common; bundle-version="3.16.0"; visibility:="reexport"
           -> Bundle-SymbolicName: org.eclipse.equinox.common; bundle-version="3.17.0.v20221006-0914"; singleton:="true"
         Unresolved requirement: Require-Bundle: org.eclipse.equinox.app; bundle-version="1.6.0"; visibility:="reexport"
           -> Bundle-SymbolicName: org.eclipse.equinox.app; bundle-version="1.6.200.v20220720-2012"; singleton:="true"
              org.eclipse.equinox.app [29]
                Unresolved requirement: Require-Bundle: org.eclipse.equinox.registry; bundle-version="[3.4.0,4.0.0)"
                  -> Bundle-SymbolicName: org.eclipse.equinox.registry; bundle-version="3.11.200.v20220817-1601"; singleton:="true"
         Unresolved requirement: Require-Bundle: org.eclipse.core.jobs; bundle-version="[3.13.0,4.0.0)"; visibility:="reexport"
           -> Bundle-SymbolicName: org.eclipse.core.jobs; bundle-version="3.13.200.v20221027-1557"; singleton:="true"


!ENTRY org.eclipse.core.commands 2 0 2022-12-22 16:58:07.513
!MESSAGE Could not resolve module: org.eclipse.core.commands [17]
  Unresolved requirement: Require-Bundle: org.eclipse.equinox.common; bundle-version="[3.2.0,4.0.0)"
    -> Bundle-SymbolicName: org.eclipse.equinox.common; bundle-version="3.17.0.v20221006-0914"; singleton:="true"
       org.eclipse.equinox.common [30]
         Unresolved requirement: Require-Capability: osgi.ee; filter:="(&(osgi.ee=JavaSE)(version=11))"


!ENTRY org.eclipse.core.expressions 2 0 2022-12-22 16:58:07.515
!MESSAGE Could not resolve module: org.eclipse.core.expressions [19]
  Unresolved requirement: Require-Bundle: org.eclipse.core.runtime; bundle-version="[3.3.0,4.0.0)"
    -> Bundle-SymbolicName: org.eclipse.core.runtime; bundle-version="3.26.100.v20221021-0005"; singleton:="true"
       org.eclipse.core.runtime [26]
         Unresolved requirement: Require-Capability: osgi.ee; filter:="(&(osgi.ee=JavaSE)(version=11))"
         Unresolved requirement: Require-Bundle: org.eclipse.core.contenttype; bundle-version="[3.8.0,4.0.0)"; visibility:="reexport"
           -> Bundle-SymbolicName: org.eclipse.core.contenttype; bundle-version="3.8.200.v20220817-1539"; singleton:="true"
              org.eclipse.core.contenttype [18]
                Unresolved requirement: Require-Bundle: org.eclipse.equinox.preferences; bundle-version="[3.2.0,4.0.0)"
                  -> Bundle-SymbolicName: org.eclipse.equinox.preferences; bundle-version="3.10.100.v20220710-1223"; singleton:="true"
                     org.eclipse.equinox.preferences [35]
                       Unresolved requirement: Require-Bundle: org.eclipse.equinox.common; bundle-version="[3.2.0,4.0.0)"
                         -> Bundle-SymbolicName: org.eclipse.equinox.common; bundle-version="3.17.0.v20221006-0914"; singleton:="true"
                            org.eclipse.equinox.common [30]
                              Unresolved requirement: Require-Capability: osgi.ee; filter:="(&(osgi.ee=JavaSE)(version=11))"
         Unresolved requirement: Require-Bundle: org.eclipse.equinox.registry; bundle-version="[3.11.0,4.0.0)"; visibility:="reexport"
           -> Bundle-SymbolicName: org.eclipse.equinox.registry; bundle-version="3.11.200.v20220817-1601"; singleton:="true"
              org.eclipse.equinox.registry [36]
                Unresolved requirement: Require-Bundle: org.eclipse.equinox.common; bundle-version="[3.15.100,4.0.0)"
                  -> Bundle-SymbolicName: org.eclipse.equinox.common; bundle-version="3.17.0.v20221006-0914"; singleton:="true"
                Unresolved requirement: Import-Package: org.eclipse.core.runtime.jobs; resolution:="optional"
                  -> Export-Package: org.eclipse.core.runtime.jobs; bundle-symbolic-name="org.eclipse.core.jobs"; bundle-version="3.13.200.v20221027-1557"; version="0.0.0"
                     org.eclipse.core.jobs [22]
                       Unresolved requirement: Require-Bundle: org.eclipse.equinox.common; bundle-version="[3.8.0,4.0.0)"
                         -> Bundle-SymbolicName: org.eclipse.equinox.common; bundle-version="3.17.0.v20221006-0914"; singleton:="true"
         Unresolved requirement: Require-Bundle: org.eclipse.equinox.preferences; bundle-version="[3.10.0,4.0.0)"; visibility:="reexport"
           -> Bundle-SymbolicName: org.eclipse.equinox.preferences; bundle-version="3.10.100.v20220710-1223"; singleton:="true"
         Unresolved requirement: Require-Bundle: org.eclipse.equinox.common; bundle-version="3.16.0"; visibility:="reexport"
           -> Bundle-SymbolicName: org.eclipse.equinox.common; bundle-version="3.17.0.v20221006-0914"; singleton:="true"
         Unresolved requirement: Require-Bundle: org.eclipse.equinox.app; bundle-version="1.6.0"; visibility:="reexport"
           -> Bundle-SymbolicName: org.eclipse.equinox.app; bundle-version="1.6.200.v20220720-2012"; singleton:="true"
              org.eclipse.equinox.app [29]
                Unresolved requirement: Require-Bundle: org.eclipse.equinox.registry; bundle-version="[3.4.0,4.0.0)"
                  -> Bundle-SymbolicName: org.eclipse.equinox.registry; bundle-version="3.11.200.v20220817-1601"; singleton:="true"
         Unresolved requirement: Require-Bundle: org.eclipse.core.jobs; bundle-version="[3.13.0,4.0.0)"; visibility:="reexport"
           -> Bundle-SymbolicName: org.eclipse.core.jobs; bundle-version="3.13.200.v20221027-1557"; singleton:="true"


!ENTRY org.eclipse.core.net 2 0 2022-12-22 16:58:07.517
!MESSAGE Could not resolve module: org.eclipse.core.net [23]
  Unresolved requirement: Require-Bundle: org.eclipse.equinox.security; bundle-version="[1.0.0,2.0.0)"
    -> Bundle-SymbolicName: org.eclipse.equinox.security; bundle-version="1.3.1000.v20220801-1135"; singleton:="true"
       org.eclipse.equinox.security [37]
         Unresolved requirement: Import-Package: org.eclipse.core.internal.runtime; common="split"
           -> Export-Package: org.eclipse.core.internal.runtime; bundle-symbolic-name="org.eclipse.equinox.common"; common="split"; bundle-version="3.17.0.v20221006-0914"; version="0.0.0"; x-friends:="org.eclipse.core.contenttype,  org.eclipse.core.jobs,  org.eclipse.equinox.preferences,  org.eclipse.equinox.registry,  org.eclipse.core.runtime,  org.eclipse.core.runtime.compatibility,  org.eclipse.core.filesystem,  org.eclipse.equinox.security"; mandatory:="common"
              org.eclipse.equinox.common [30]
                Unresolved requirement: Require-Capability: osgi.ee; filter:="(&(osgi.ee=JavaSE)(version=11))"
  Unresolved requirement: Require-Bundle: org.eclipse.equinox.common; bundle-version="3.12.0"
    -> Bundle-SymbolicName: org.eclipse.equinox.common; bundle-version="3.17.0.v20221006-0914"; singleton:="true"


!ENTRY org.eclipse.equinox.app 2 0 2022-12-22 16:58:07.518
!MESSAGE Could not resolve module: org.eclipse.equinox.app [29]
  Unresolved requirement: Require-Bundle: org.eclipse.equinox.registry; bundle-version="[3.4.0,4.0.0)"
    -> Bundle-SymbolicName: org.eclipse.equinox.registry; bundle-version="3.11.200.v20220817-1601"; singleton:="true"
       org.eclipse.equinox.registry [36]
         Unresolved requirement: Require-Bundle: org.eclipse.equinox.common; bundle-version="[3.15.100,4.0.0)"
           -> Bundle-SymbolicName: org.eclipse.equinox.common; bundle-version="3.17.0.v20221006-0914"; singleton:="true"
              org.eclipse.equinox.common [30]
                Unresolved requirement: Require-Capability: osgi.ee; filter:="(&(osgi.ee=JavaSE)(version=11))"
         Unresolved requirement: Import-Package: org.eclipse.core.runtime.jobs; resolution:="optional"
           -> Export-Package: org.eclipse.core.runtime.jobs; bundle-symbolic-name="org.eclipse.core.jobs"; bundle-version="3.13.200.v20221027-1557"; version="0.0.0"
              org.eclipse.core.jobs [22]
                Unresolved requirement: Require-Bundle: org.eclipse.equinox.common; bundle-version="[3.8.0,4.0.0)"
                  -> Bundle-SymbolicName: org.eclipse.equinox.common; bundle-version="3.17.0.v20221006-0914"; singleton:="true"


!ENTRY org.eclipse.m2e.apt.core 2 0 2022-12-22 16:58:07.520
!MESSAGE Could not resolve module: org.eclipse.m2e.apt.core [56]
  Unresolved requirement: Require-Bundle: org.eclipse.core.runtime
    -> Bundle-SymbolicName: org.eclipse.core.runtime; bundle-version="3.26.100.v20221021-0005"; singleton:="true"
       org.eclipse.core.runtime [26]
         Unresolved requirement: Require-Capability: osgi.ee; filter:="(&(osgi.ee=JavaSE)(version=11))"
         Unresolved requirement: Require-Bundle: org.eclipse.core.contenttype; bundle-version="[3.8.0,4.0.0)"; visibility:="reexport"
           -> Bundle-SymbolicName: org.eclipse.core.contenttype; bundle-version="3.8.200.v20220817-1539"; singleton:="true"
              org.eclipse.core.contenttype [18]
                Unresolved requirement: Require-Bundle: org.eclipse.equinox.preferences; bundle-version="[3.2.0,4.0.0)"
                  -> Bundle-SymbolicName: org.eclipse.equinox.preferences; bundle-version="3.10.100.v20220710-1223"; singleton:="true"
                     org.eclipse.equinox.preferences [35]
                       Unresolved requirement: Require-Bundle: org.eclipse.equinox.common; bundle-version="[3.2.0,4.0.0)"
                         -> Bundle-SymbolicName: org.eclipse.equinox.common; bundle-version="3.17.0.v20221006-0914"; singleton:="true"
                            org.eclipse.equinox.common [30]
                              Unresolved requirement: Require-Capability: osgi.ee; filter:="(&(osgi.ee=JavaSE)(version=11))"
         Unresolved requirement: Require-Bundle: org.eclipse.equinox.registry; bundle-version="[3.11.0,4.0.0)"; visibility:="reexport"
           -> Bundle-SymbolicName: org.eclipse.equinox.registry; bundle-version="3.11.200.v20220817-1601"; singleton:="true"
              org.eclipse.equinox.registry [36]
                Unresolved requirement: Require-Bundle: org.eclipse.equinox.common; bundle-version="[3.15.100,4.0.0)"
                  -> Bundle-SymbolicName: org.eclipse.equinox.common; bundle-version="3.17.0.v20221006-0914"; singleton:="true"
                Unresolved requirement: Import-Package: org.eclipse.core.runtime.jobs; resolution:="optional"
                  -> Export-Package: org.eclipse.core.runtime.jobs; bundle-symbolic-name="org.eclipse.core.jobs"; bundle-version="3.13.200.v20221027-1557"; version="0.0.0"
                     org.eclipse.core.jobs [22]
                       Unresolved requirement: Require-Bundle: org.eclipse.equinox.common; bundle-version="[3.8.0,4.0.0)"
                         -> Bundle-SymbolicName: org.eclipse.equinox.common; bundle-version="3.17.0.v20221006-0914"; singleton:="true"
         Unresolved requirement: Require-Bundle: org.eclipse.equinox.preferences; bundle-version="[3.10.0,4.0.0)"; visibility:="reexport"
           -> Bundle-SymbolicName: org.eclipse.equinox.preferences; bundle-version="3.10.100.v20220710-1223"; singleton:="true"
         Unresolved requirement: Require-Bundle: org.eclipse.equinox.common; bundle-version="3.16.0"; visibility:="reexport"
           -> Bundle-SymbolicName: org.eclipse.equinox.common; bundle-version="3.17.0.v20221006-0914"; singleton:="true"
         Unresolved requirement: Require-Bundle: org.eclipse.equinox.app; bundle-version="1.6.0"; visibility:="reexport"
           -> Bundle-SymbolicName: org.eclipse.equinox.app; bundle-version="1.6.200.v20220720-2012"; singleton:="true"
              org.eclipse.equinox.app [29]
                Unresolved requirement: Require-Bundle: org.eclipse.equinox.registry; bundle-version="[3.4.0,4.0.0)"
                  -> Bundle-SymbolicName: org.eclipse.equinox.registry; bundle-version="3.11.200.v20220817-1601"; singleton:="true"
         Unresolved requirement: Require-Bundle: org.eclipse.core.jobs; bundle-version="[3.13.0,4.0.0)"; visibility:="reexport"
           -> Bundle-SymbolicName: org.eclipse.core.jobs; bundle-version="3.13.200.v20221027-1557"; singleton:="true"


!ENTRY org.eclipse.core.runtime 2 0 2022-12-22 16:58:07.522
!MESSAGE Could not resolve module: org.eclipse.core.runtime [26]
  Unresolved requirement: Require-Capability: osgi.ee; filter:="(&(osgi.ee=JavaSE)(version=11))"
  Unresolved requirement: Require-Bundle: org.eclipse.core.contenttype; bundle-version="[3.8.0,4.0.0)"; visibility:="reexport"
    -> Bundle-SymbolicName: org.eclipse.core.contenttype; bundle-version="3.8.200.v20220817-1539"; singleton:="true"
       org.eclipse.core.contenttype [18]
         Unresolved requirement: Require-Bundle: org.eclipse.equinox.preferences; bundle-version="[3.2.0,4.0.0)"
           -> Bundle-SymbolicName: org.eclipse.equinox.preferences; bundle-version="3.10.100.v20220710-1223"; singleton:="true"
              org.eclipse.equinox.preferences [35]
                Unresolved requirement: Require-Bundle: org.eclipse.equinox.common; bundle-version="[3.2.0,4.0.0)"
                  -> Bundle-SymbolicName: org.eclipse.equinox.common; bundle-version="3.17.0.v20221006-0914"; singleton:="true"
                     org.eclipse.equinox.common [30]
                       Unresolved requirement: Require-Capability: osgi.ee; filter:="(&(osgi.ee=JavaSE)(version=11))"
  Unresolved requirement: Require-Bundle: org.eclipse.equinox.registry; bundle-version="[3.11.0,4.0.0)"; visibility:="reexport"
    -> Bundle-SymbolicName: org.eclipse.equinox.registry; bundle-version="3.11.200.v20220817-1601"; singleton:="true"
       org.eclipse.equinox.registry [36]
         Unresolved requirement: Require-Bundle: org.eclipse.equinox.common; bundle-version="[3.15.100,4.0.0)"
           -> Bundle-SymbolicName: org.eclipse.equinox.common; bundle-version="3.17.0.v20221006-0914"; singleton:="true"
         Unresolved requirement: Import-Package: org.eclipse.core.runtime.jobs; resolution:="optional"
           -> Export-Package: org.eclipse.core.runtime.jobs; bundle-symbolic-name="org.eclipse.core.jobs"; bundle-version="3.13.200.v20221027-1557"; version="0.0.0"
              org.eclipse.core.jobs [22]
                Unresolved requirement: Require-Bundle: org.eclipse.equinox.common; bundle-version="[3.8.0,4.0.0)"
                  -> Bundle-SymbolicName: org.eclipse.equinox.common; bundle-version="3.17.0.v20221006-0914"; singleton:="true"
  Unresolved requirement: Require-Bundle: org.eclipse.equinox.preferences; bundle-version="[3.10.0,4.0.0)"; visibility:="reexport"
    -> Bundle-SymbolicName: org.eclipse.equinox.preferences; bundle-version="3.10.100.v20220710-1223"; singleton:="true"
  Unresolved requirement: Require-Bundle: org.eclipse.equinox.common; bundle-version="3.16.0"; visibility:="reexport"
    -> Bundle-SymbolicName: org.eclipse.equinox.common; bundle-version="3.17.0.v20221006-0914"; singleton:="true"
  Unresolved requirement: Require-Bundle: org.eclipse.equinox.app; bundle-version="1.6.0"; visibility:="reexport"
    -> Bundle-SymbolicName: org.eclipse.equinox.app; bundle-version="1.6.200.v20220720-2012"; singleton:="true"
       org.eclipse.equinox.app [29]
         Unresolved requirement: Require-Bundle: org.eclipse.equinox.registry; bundle-version="[3.4.0,4.0.0)"
           -> Bundle-SymbolicName: org.eclipse.equinox.registry; bundle-version="3.11.200.v20220817-1601"; singleton:="true"
  Unresolved requirement: Require-Bundle: org.eclipse.core.jobs; bundle-version="[3.13.0,4.0.0)"; visibility:="reexport"
    -> Bundle-SymbolicName: org.eclipse.core.jobs; bundle-version="3.13.200.v20221027-1557"; singleton:="true"


!ENTRY org.eclipse.jdt.apt.pluggable.core 2 0 2022-12-22 16:58:07.524
!MESSAGE Could not resolve module: org.eclipse.jdt.apt.pluggable.core [42]
  Unresolved requirement: Import-Package: org.eclipse.jdt.internal.compiler.tool
    -> Export-Package: org.eclipse.jdt.internal.compiler.tool; bundle-symbolic-name="org.eclipse.jdt.compiler.tool"; bundle-version="1.3.200.v20220802-0458"; version="0.0.0"; x-internal:="true"
       org.eclipse.jdt.compiler.tool [44]
         Unresolved requirement: Fragment-Host: org.eclipse.jdt.core; bundle-version="[3.30.100,4.0.0)"
           -> Bundle-SymbolicName: org.eclipse.jdt.core; bundle-version="3.32.0.v20221027-1633"; singleton:="true"
              org.eclipse.jdt.core [45]
                Unresolved requirement: Require-Bundle: org.eclipse.core.resources; bundle-version="[3.18.0,4.0.0)"
                  -> Bundle-SymbolicName: org.eclipse.core.resources; bundle-version="3.18.100.v20221025-2047"; singleton:="true"
                     org.eclipse.core.resources [25]
                       Unresolved requirement: Require-Bundle: org.eclipse.ant.core; bundle-version="[3.1.0,4.0.0)"; resolution:="optional"
                         -> Bundle-SymbolicName: org.eclipse.ant.core; bundle-version="3.6.500.v20220718-1722"; singleton:="true"
                            org.eclipse.ant.core [13]
                              Unresolved requirement: Require-Bundle: org.eclipse.core.variables; bundle-version="[3.1.0,4.0.0)"
                                -> Bundle-SymbolicName: org.eclipse.core.variables; bundle-version="3.5.100.v20210721-1355"; singleton:="true"
                                   org.eclipse.core.variables [27]
                                     Unresolved requirement: Require-Capability: osgi.ee; filter:="(&(osgi.ee=JavaSE)(version=11))"
                                     Unresolved requirement: Require-Bundle: org.eclipse.core.runtime; bundle-version="[3.3.0,4.0.0)"
                                       -> Bundle-SymbolicName: org.eclipse.core.runtime; bundle-version="3.26.100.v20221021-0005"; singleton:="true"
                                          org.eclipse.core.runtime [26]
                                            Unresolved requirement: Require-Capability: osgi.ee; filter:="(&(osgi.ee=JavaSE)(version=11))"
                                            Unresolved requirement: Require-Bundle: org.eclipse.core.contenttype; bundle-version="[3.8.0,4.0.0)"; visibility:="reexport"
                                              -> Bundle-SymbolicName: org.eclipse.core.contenttype; bundle-version="3.8.200.v20220817-1539"; singleton:="true"
                                                 org.eclipse.core.contenttype [18]
                                                   Unresolved requirement: Require-Bundle: org.eclipse.equinox.preferences; bundle-version="[3.2.0,4.0.0)"
                                                     -> Bundle-SymbolicName: org.eclipse.equinox.preferences; bundle-version="3.10.100.v20220710-1223"; singleton:="true"
                                                        org.eclipse.equinox.preferences [35]
                                                          Unresolved requirement: Require-Bundle: org.eclipse.equinox.common; bundle-version="[3.2.0,4.0.0)"
                                                            -> Bundle-SymbolicName: org.eclipse.equinox.common; bundle-version="3.17.0.v20221006-0914"; singleton:="true"
                                                               org.eclipse.equinox.common [30]
                                                                 Unresolved requirement: Require-Capability: osgi.ee; filter:="(&(osgi.ee=JavaSE)(version=11))"
                                            Unresolved requirement: Require-Bundle: org.eclipse.equinox.registry; bundle-version="[3.11.0,4.0.0)"; visibility:="reexport"
                                              -> Bundle-SymbolicName: org.eclipse.equinox.registry; bundle-version="3.11.200.v20220817-1601"; singleton:="true"
                                                 org.eclipse.equinox.registry [36]
                                                   Unresolved requirement: Require-Bundle: org.eclipse.equinox.common; bundle-version="[3.15.100,4.0.0)"
                                                     -> Bundle-SymbolicName: org.eclipse.equinox.common; bundle-version="3.17.0.v20221006-0914"; singleton:="true"
                                                   Unresolved requirement: Import-Package: org.eclipse.core.runtime.jobs; resolution:="optional"
                                                     -> Export-Package: org.eclipse.core.runtime.jobs; bundle-symbolic-name="org.eclipse.core.jobs"; bundle-version="3.13.200.v20221027-1557"; version="0.0.0"
                                                        org.eclipse.core.jobs [22]
                                                          Unresolved requirement: Require-Bundle: org.eclipse.equinox.common; bundle-version="[3.8.0,4.0.0)"
                                                            -> Bundle-SymbolicName: org.eclipse.equinox.common; bundle-version="3.17.0.v20221006-0914"; singleton:="true"
                                            Unresolved requirement: Require-Bundle: org.eclipse.equinox.preferences; bundle-version="[3.10.0,4.0.0)"; visibility:="reexport"
                                              -> Bundle-SymbolicName: org.eclipse.equinox.preferences; bundle-version="3.10.100.v20220710-1223"; singleton:="true"
                                            Unresolved requirement: Require-Bundle: org.eclipse.equinox.common; bundle-version="3.16.0"; visibility:="reexport"
                                              -> Bundle-SymbolicName: org.eclipse.equinox.common; bundle-version="3.17.0.v20221006-0914"; singleton:="true"
                                            Unresolved requirement: Require-Bundle: org.eclipse.equinox.app; bundle-version="1.6.0"; visibility:="reexport"
                                              -> Bundle-SymbolicName: org.eclipse.equinox.app; bundle-version="1.6.200.v20220720-2012"; singleton:="true"
                                                 org.eclipse.equinox.app [29]
                                                   Unresolved requirement: Require-Bundle: org.eclipse.equinox.registry; bundle-version="[3.4.0,4.0.0)"
                                                     -> Bundle-SymbolicName: org.eclipse.equinox.registry; bundle-version="3.11.200.v20220817-1601"; singleton:="true"
                                            Unresolved requirement: Require-Bundle: org.eclipse.core.jobs; bundle-version="[3.13.0,4.0.0)"; visibility:="reexport"
                                              -> Bundle-SymbolicName: org.eclipse.core.jobs; bundle-version="3.13.200.v20221027-1557"; singleton:="true"
                              Unresolved requirement: Require-Bundle: org.eclipse.core.runtime; bundle-version="[3.25.0,4.0.0)"
                                -> Bundle-SymbolicName: org.eclipse.core.runtime; bundle-version="3.26.100.v20221021-0005"; singleton:="true"
                       Unresolved requirement: Require-Bundle: org.eclipse.core.expressions; bundle-version="[3.2.0,4.0.0)"
                         -> Bundle-SymbolicName: org.eclipse.core.expressions; bundle-version="3.8.200.v20220613-1047"; singleton:="true"
                            org.eclipse.core.expressions [19]
                              Unresolved requirement: Require-Bundle: org.eclipse.core.runtime; bundle-version="[3.3.0,4.0.0)"
                                -> Bundle-SymbolicName: org.eclipse.core.runtime; bundle-version="3.26.100.v20221021-0005"; singleton:="true"
  Unresolved requirement: Import-Package: org.eclipse.jdt.internal.compiler.apt.dispatch
    -> Export-Package: org.eclipse.jdt.internal.compiler.apt.dispatch; bundle-symbolic-name="org.eclipse.jdt.compiler.apt"; bundle-version="1.4.200.v20221012-0724"; version="0.0.0"; x-friends:="org.eclipse.jdt.apt.pluggable.core"
       org.eclipse.jdt.compiler.apt [43]
         Unresolved requirement: Import-Package: org.eclipse.jdt.internal.compiler.tool; resolution:="optional"
           -> Export-Package: org.eclipse.jdt.internal.compiler.tool; bundle-symbolic-name="org.eclipse.jdt.compiler.tool"; bundle-version="1.3.200.v20220802-0458"; version="0.0.0"; x-internal:="true"
         Unresolved requirement: Fragment-Host: org.eclipse.jdt.core; bundle-version="[3.30.100,4.0.0)"
           -> Bundle-SymbolicName: org.eclipse.jdt.core; bundle-version="3.32.0.v20221027-1633"; singleton:="true"
  Unresolved requirement: Import-Package: org.eclipse.jdt.internal.compiler.apt.model
    -> Export-Package: org.eclipse.jdt.internal.compiler.apt.model; bundle-symbolic-name="org.eclipse.jdt.compiler.apt"; bundle-version="1.4.200.v20221012-0724"; version="0.0.0"; x-friends:="org.eclipse.jdt.apt.pluggable.core"


!ENTRY org.eclipse.compare.core 2 0 2022-12-22 16:58:07.526
!MESSAGE Could not resolve module: org.eclipse.compare.core [16]
  Unresolved requirement: Require-Bundle: org.eclipse.core.runtime; bundle-version="[3.2.0,4.0.0)"
    -> Bundle-SymbolicName: org.eclipse.core.runtime; bundle-version="3.26.100.v20221021-0005"; singleton:="true"
       org.eclipse.core.runtime [26]
         Unresolved requirement: Require-Capability: osgi.ee; filter:="(&(osgi.ee=JavaSE)(version=11))"
         Unresolved requirement: Require-Bundle: org.eclipse.core.contenttype; bundle-version="[3.8.0,4.0.0)"; visibility:="reexport"
           -> Bundle-SymbolicName: org.eclipse.core.contenttype; bundle-version="3.8.200.v20220817-1539"; singleton:="true"
              org.eclipse.core.contenttype [18]
                Unresolved requirement: Require-Bundle: org.eclipse.equinox.preferences; bundle-version="[3.2.0,4.0.0)"
                  -> Bundle-SymbolicName: org.eclipse.equinox.preferences; bundle-version="3.10.100.v20220710-1223"; singleton:="true"
                     org.eclipse.equinox.preferences [35]
                       Unresolved requirement: Require-Bundle: org.eclipse.equinox.common; bundle-version="[3.2.0,4.0.0)"
                         -> Bundle-SymbolicName: org.eclipse.equinox.common; bundle-version="3.17.0.v20221006-0914"; singleton:="true"
                            org.eclipse.equinox.common [30]
                              Unresolved requirement: Require-Capability: osgi.ee; filter:="(&(osgi.ee=JavaSE)(version=11))"
         Unresolved requirement: Require-Bundle: org.eclipse.equinox.registry; bundle-version="[3.11.0,4.0.0)"; visibility:="reexport"
           -> Bundle-SymbolicName: org.eclipse.equinox.registry; bundle-version="3.11.200.v20220817-1601"; singleton:="true"
              org.eclipse.equinox.registry [36]
                Unresolved requirement: Require-Bundle: org.eclipse.equinox.common; bundle-version="[3.15.100,4.0.0)"
                  -> Bundle-SymbolicName: org.eclipse.equinox.common; bundle-version="3.17.0.v20221006-0914"; singleton:="true"
                Unresolved requirement: Import-Package: org.eclipse.core.runtime.jobs; resolution:="optional"
                  -> Export-Package: org.eclipse.core.runtime.jobs; bundle-symbolic-name="org.eclipse.core.jobs"; bundle-version="3.13.200.v20221027-1557"; version="0.0.0"
                     org.eclipse.core.jobs [22]
                       Unresolved requirement: Require-Bundle: org.eclipse.equinox.common; bundle-version="[3.8.0,4.0.0)"
                         -> Bundle-SymbolicName: org.eclipse.equinox.common; bundle-version="3.17.0.v20221006-0914"; singleton:="true"
         Unresolved requirement: Require-Bundle: org.eclipse.equinox.preferences; bundle-version="[3.10.0,4.0.0)"; visibility:="reexport"
           -> Bundle-SymbolicName: org.eclipse.equinox.preferences; bundle-version="3.10.100.v20220710-1223"; singleton:="true"
         Unresolved requirement: Require-Bundle: org.eclipse.equinox.common; bundle-version="3.16.0"; visibility:="reexport"
           -> Bundle-SymbolicName: org.eclipse.equinox.common; bundle-version="3.17.0.v20221006-0914"; singleton:="true"
         Unresolved requirement: Require-Bundle: org.eclipse.equinox.app; bundle-version="1.6.0"; visibility:="reexport"
           -> Bundle-SymbolicName: org.eclipse.equinox.app; bundle-version="1.6.200.v20220720-2012"; singleton:="true"
              org.eclipse.equinox.app [29]
                Unresolved requirement: Require-Bundle: org.eclipse.equinox.registry; bundle-version="[3.4.0,4.0.0)"
                  -> Bundle-SymbolicName: org.eclipse.equinox.registry; bundle-version="3.11.200.v20220817-1601"; singleton:="true"
         Unresolved requirement: Require-Bundle: org.eclipse.core.jobs; bundle-version="[3.13.0,4.0.0)"; visibility:="reexport"
           -> Bundle-SymbolicName: org.eclipse.core.jobs; bundle-version="3.13.200.v20221027-1557"; singleton:="true"


!ENTRY org.eclipse.equinox.frameworkadmin.equinox 2 0 2022-12-22 16:58:07.528
!MESSAGE Could not resolve module: org.eclipse.equinox.frameworkadmin.equinox [32]
  Unresolved requirement: Import-Package: org.eclipse.equinox.frameworkadmin; version="[2.0.0,3.0.0)"
    -> Export-Package: org.eclipse.equinox.frameworkadmin; bundle-symbolic-name="org.eclipse.equinox.frameworkadmin"; bundle-version="2.2.100.v20220817-1208"; version="2.0.0"
       org.eclipse.equinox.frameworkadmin [31]
         Unresolved requirement: Require-Bundle: org.eclipse.equinox.common; bundle-version="3.4.0"
           -> Bundle-SymbolicName: org.eclipse.equinox.common; bundle-version="3.17.0.v20221006-0914"; singleton:="true"
              org.eclipse.equinox.common [30]
                Unresolved requirement: Require-Capability: osgi.ee; filter:="(&(osgi.ee=JavaSE)(version=11))"


!ENTRY org.eclipse.core.net.linux 2 0 2022-12-22 16:58:07.530
!MESSAGE Could not resolve module: org.eclipse.core.net.linux [24]
  Unresolved requirement: Fragment-Host: org.eclipse.core.net; bundle-version="1.1.0"
    -> Bundle-SymbolicName: org.eclipse.core.net; bundle-version="1.4.0.v20220813-1037"; singleton:="true"
       org.eclipse.core.net [23]
         Unresolved requirement: Require-Bundle: org.eclipse.equinox.security; bundle-version="[1.0.0,2.0.0)"
           -> Bundle-SymbolicName: org.eclipse.equinox.security; bundle-version="1.3.1000.v20220801-1135"; singleton:="true"
              org.eclipse.equinox.security [37]
                Unresolved requirement: Import-Package: org.eclipse.core.internal.runtime; common="split"
                  -> Export-Package: org.eclipse.core.internal.runtime; bundle-symbolic-name="org.eclipse.equinox.common"; common="split"; bundle-version="3.17.0.v20221006-0914"; version="0.0.0"; x-friends:="org.eclipse.core.contenttype,  org.eclipse.core.jobs,  org.eclipse.equinox.preferences,  org.eclipse.equinox.registry,  org.eclipse.core.runtime,  org.eclipse.core.runtime.compatibility,  org.eclipse.core.filesystem,  org.eclipse.equinox.security"; mandatory:="common"
                     org.eclipse.equinox.common [30]
                       Unresolved requirement: Require-Capability: osgi.ee; filter:="(&(osgi.ee=JavaSE)(version=11))"
         Unresolved requirement: Require-Bundle: org.eclipse.equinox.common; bundle-version="3.12.0"
           -> Bundle-SymbolicName: org.eclipse.equinox.common; bundle-version="3.17.0.v20221006-0914"; singleton:="true"


!ENTRY org.eclipse.m2e.core 2 0 2022-12-22 16:58:07.531
!MESSAGE Could not resolve module: org.eclipse.m2e.core [57]
  Unresolved requirement: Require-Bundle: org.eclipse.core.runtime; bundle-version="3.12.0"
    -> Bundle-SymbolicName: org.eclipse.core.runtime; bundle-version="3.26.100.v20221021-0005"; singleton:="true"
       org.eclipse.core.runtime [26]
         Unresolved requirement: Require-Capability: osgi.ee; filter:="(&(osgi.ee=JavaSE)(version=11))"
         Unresolved requirement: Require-Bundle: org.eclipse.core.contenttype; bundle-version="[3.8.0,4.0.0)"; visibility:="reexport"
           -> Bundle-SymbolicName: org.eclipse.core.contenttype; bundle-version="3.8.200.v20220817-1539"; singleton:="true"
              org.eclipse.core.contenttype [18]
                Unresolved requirement: Require-Bundle: org.eclipse.equinox.preferences; bundle-version="[3.2.0,4.0.0)"
                  -> Bundle-SymbolicName: org.eclipse.equinox.preferences; bundle-version="3.10.100.v20220710-1223"; singleton:="true"
                     org.eclipse.equinox.preferences [35]
                       Unresolved requirement: Require-Bundle: org.eclipse.equinox.common; bundle-version="[3.2.0,4.0.0)"
                         -> Bundle-SymbolicName: org.eclipse.equinox.common; bundle-version="3.17.0.v20221006-0914"; singleton:="true"
                            org.eclipse.equinox.common [30]
                              Unresolved requirement: Require-Capability: osgi.ee; filter:="(&(osgi.ee=JavaSE)(version=11))"
         Unresolved requirement: Require-Bundle: org.eclipse.equinox.registry; bundle-version="[3.11.0,4.0.0)"; visibility:="reexport"
           -> Bundle-SymbolicName: org.eclipse.equinox.registry; bundle-version="3.11.200.v20220817-1601"; singleton:="true"
              org.eclipse.equinox.registry [36]
                Unresolved requirement: Require-Bundle: org.eclipse.equinox.common; bundle-version="[3.15.100,4.0.0)"
                  -> Bundle-SymbolicName: org.eclipse.equinox.common; bundle-version="3.17.0.v20221006-0914"; singleton:="true"
                Unresolved requirement: Import-Package: org.eclipse.core.runtime.jobs; resolution:="optional"
                  -> Export-Package: org.eclipse.core.runtime.jobs; bundle-symbolic-name="org.eclipse.core.jobs"; bundle-version="3.13.200.v20221027-1557"; version="0.0.0"
                     org.eclipse.core.jobs [22]
                       Unresolved requirement: Require-Bundle: org.eclipse.equinox.common; bundle-version="[3.8.0,4.0.0)"
                         -> Bundle-SymbolicName: org.eclipse.equinox.common; bundle-version="3.17.0.v20221006-0914"; singleton:="true"
         Unresolved requirement: Require-Bundle: org.eclipse.equinox.preferences; bundle-version="[3.10.0,4.0.0)"; visibility:="reexport"
           -> Bundle-SymbolicName: org.eclipse.equinox.preferences; bundle-version="3.10.100.v20220710-1223"; singleton:="true"
         Unresolved requirement: Require-Bundle: org.eclipse.equinox.common; bundle-version="3.16.0"; visibility:="reexport"
           -> Bundle-SymbolicName: org.eclipse.equinox.common; bundle-version="3.17.0.v20221006-0914"; singleton:="true"
         Unresolved requirement: Require-Bundle: org.eclipse.equinox.app; bundle-version="1.6.0"; visibility:="reexport"
           -> Bundle-SymbolicName: org.eclipse.equinox.app; bundle-version="1.6.200.v20220720-2012"; singleton:="true"
              org.eclipse.equinox.app [29]
                Unresolved requirement: Require-Bundle: org.eclipse.equinox.registry; bundle-version="[3.4.0,4.0.0)"
                  -> Bundle-SymbolicName: org.eclipse.equinox.registry; bundle-version="3.11.200.v20220817-1601"; singleton:="true"
         Unresolved requirement: Require-Bundle: org.eclipse.core.jobs; bundle-version="[3.13.0,4.0.0)"; visibility:="reexport"
           -> Bundle-SymbolicName: org.eclipse.core.jobs; bundle-version="3.13.200.v20221027-1557"; singleton:="true"


!ENTRY org.eclipse.core.filesystem 2 0 2022-12-22 16:58:07.533
!MESSAGE Could not resolve module: org.eclipse.core.filesystem [21]
  Unresolved requirement: Require-Bundle: org.eclipse.equinox.common; bundle-version="[3.2.0,4.0.0)"
    -> Bundle-SymbolicName: org.eclipse.equinox.common; bundle-version="3.17.0.v20221006-0914"; singleton:="true"
       org.eclipse.equinox.common [30]
         Unresolved requirement: Require-Capability: osgi.ee; filter:="(&(osgi.ee=JavaSE)(version=11))"


!ENTRY org.eclipse.equinox.security.linux 2 0 2022-12-22 16:58:07.534
!MESSAGE Could not resolve module: org.eclipse.equinox.security.linux [38]
  Unresolved requirement: Fragment-Host: org.eclipse.equinox.security; bundle-version="[1.0.0,2.0.0)"
    -> Bundle-SymbolicName: org.eclipse.equinox.security; bundle-version="1.3.1000.v20220801-1135"; singleton:="true"
       org.eclipse.equinox.security [37]
         Unresolved requirement: Import-Package: org.eclipse.core.internal.runtime; common="split"
           -> Export-Package: org.eclipse.core.internal.runtime; bundle-symbolic-name="org.eclipse.equinox.common"; common="split"; bundle-version="3.17.0.v20221006-0914"; version="0.0.0"; x-friends:="org.eclipse.core.contenttype,  org.eclipse.core.jobs,  org.eclipse.equinox.preferences,  org.eclipse.equinox.registry,  org.eclipse.core.runtime,  org.eclipse.core.runtime.compatibility,  org.eclipse.core.filesystem,  org.eclipse.equinox.security"; mandatory:="common"
              org.eclipse.equinox.common [30]
                Unresolved requirement: Require-Capability: osgi.ee; filter:="(&(osgi.ee=JavaSE)(version=11))"


!ENTRY org.eclipse.jdt.ls.core 2 0 2022-12-22 16:58:07.536
!MESSAGE Could not resolve module: org.eclipse.jdt.ls.core [51]
  Unresolved requirement: Require-Bundle: org.eclipse.core.runtime; bundle-version="3.12.0"
    -> Bundle-SymbolicName: org.eclipse.core.runtime; bundle-version="3.26.100.v20221021-0005"; singleton:="true"
       org.eclipse.core.runtime [26]
         Unresolved requirement: Require-Capability: osgi.ee; filter:="(&(osgi.ee=JavaSE)(version=11))"
         Unresolved requirement: Require-Bundle: org.eclipse.core.contenttype; bundle-version="[3.8.0,4.0.0)"; visibility:="reexport"
           -> Bundle-SymbolicName: org.eclipse.core.contenttype; bundle-version="3.8.200.v20220817-1539"; singleton:="true"
              org.eclipse.core.contenttype [18]
                Unresolved requirement: Require-Bundle: org.eclipse.equinox.preferences; bundle-version="[3.2.0,4.0.0)"
                  -> Bundle-SymbolicName: org.eclipse.equinox.preferences; bundle-version="3.10.100.v20220710-1223"; singleton:="true"
                     org.eclipse.equinox.preferences [35]
                       Unresolved requirement: Require-Bundle: org.eclipse.equinox.common; bundle-version="[3.2.0,4.0.0)"
                         -> Bundle-SymbolicName: org.eclipse.equinox.common; bundle-version="3.17.0.v20221006-0914"; singleton:="true"
                            org.eclipse.equinox.common [30]
                              Unresolved requirement: Require-Capability: osgi.ee; filter:="(&(osgi.ee=JavaSE)(version=11))"
         Unresolved requirement: Require-Bundle: org.eclipse.equinox.registry; bundle-version="[3.11.0,4.0.0)"; visibility:="reexport"
           -> Bundle-SymbolicName: org.eclipse.equinox.registry; bundle-version="3.11.200.v20220817-1601"; singleton:="true"
              org.eclipse.equinox.registry [36]
                Unresolved requirement: Require-Bundle: org.eclipse.equinox.common; bundle-version="[3.15.100,4.0.0)"
                  -> Bundle-SymbolicName: org.eclipse.equinox.common; bundle-version="3.17.0.v20221006-0914"; singleton:="true"
                Unresolved requirement: Import-Package: org.eclipse.core.runtime.jobs; resolution:="optional"
                  -> Export-Package: org.eclipse.core.runtime.jobs; bundle-symbolic-name="org.eclipse.core.jobs"; bundle-version="3.13.200.v20221027-1557"; version="0.0.0"
                     org.eclipse.core.jobs [22]
                       Unresolved requirement: Require-Bundle: org.eclipse.equinox.common; bundle-version="[3.8.0,4.0.0)"
                         -> Bundle-SymbolicName: org.eclipse.equinox.common; bundle-version="3.17.0.v20221006-0914"; singleton:="true"
         Unresolved requirement: Require-Bundle: org.eclipse.equinox.preferences; bundle-version="[3.10.0,4.0.0)"; visibility:="reexport"
           -> Bundle-SymbolicName: org.eclipse.equinox.preferences; bundle-version="3.10.100.v20220710-1223"; singleton:="true"
         Unresolved requirement: Require-Bundle: org.eclipse.equinox.common; bundle-version="3.16.0"; visibility:="reexport"
           -> Bundle-SymbolicName: org.eclipse.equinox.common; bundle-version="3.17.0.v20221006-0914"; singleton:="true"
         Unresolved requirement: Require-Bundle: org.eclipse.equinox.app; bundle-version="1.6.0"; visibility:="reexport"
           -> Bundle-SymbolicName: org.eclipse.equinox.app; bundle-version="1.6.200.v20220720-2012"; singleton:="true"
              org.eclipse.equinox.app [29]
                Unresolved requirement: Require-Bundle: org.eclipse.equinox.registry; bundle-version="[3.4.0,4.0.0)"
                  -> Bundle-SymbolicName: org.eclipse.equinox.registry; bundle-version="3.11.200.v20220817-1601"; singleton:="true"
         Unresolved requirement: Require-Bundle: org.eclipse.core.jobs; bundle-version="[3.13.0,4.0.0)"; visibility:="reexport"
           -> Bundle-SymbolicName: org.eclipse.core.jobs; bundle-version="3.13.200.v20221027-1557"; singleton:="true"


!ENTRY org.eclipse.jdt.launching 2 0 2022-12-22 16:58:07.538
!MESSAGE Could not resolve module: org.eclipse.jdt.launching [50]
  Unresolved requirement: Require-Bundle: org.eclipse.core.resources; bundle-version="[3.14.0,4.0.0)"
    -> Bundle-SymbolicName: org.eclipse.core.resources; bundle-version="3.18.100.v20221025-2047"; singleton:="true"
       org.eclipse.core.resources [25]
         Unresolved requirement: Require-Bundle: org.eclipse.ant.core; bundle-version="[3.1.0,4.0.0)"; resolution:="optional"
           -> Bundle-SymbolicName: org.eclipse.ant.core; bundle-version="3.6.500.v20220718-1722"; singleton:="true"
              org.eclipse.ant.core [13]
                Unresolved requirement: Require-Bundle: org.eclipse.core.variables; bundle-version="[3.1.0,4.0.0)"
                  -> Bundle-SymbolicName: org.eclipse.core.variables; bundle-version="3.5.100.v20210721-1355"; singleton:="true"
                     org.eclipse.core.variables [27]
                       Unresolved requirement: Require-Capability: osgi.ee; filter:="(&(osgi.ee=JavaSE)(version=11))"
                       Unresolved requirement: Require-Bundle: org.eclipse.core.runtime; bundle-version="[3.3.0,4.0.0)"
                         -> Bundle-SymbolicName: org.eclipse.core.runtime; bundle-version="3.26.100.v20221021-0005"; singleton:="true"
                            org.eclipse.core.runtime [26]
                              Unresolved requirement: Require-Capability: osgi.ee; filter:="(&(osgi.ee=JavaSE)(version=11))"
                              Unresolved requirement: Require-Bundle: org.eclipse.core.contenttype; bundle-version="[3.8.0,4.0.0)"; visibility:="reexport"
                                -> Bundle-SymbolicName: org.eclipse.core.contenttype; bundle-version="3.8.200.v20220817-1539"; singleton:="true"
                                   org.eclipse.core.contenttype [18]
                                     Unresolved requirement: Require-Bundle: org.eclipse.equinox.preferences; bundle-version="[3.2.0,4.0.0)"
                                       -> Bundle-SymbolicName: org.eclipse.equinox.preferences; bundle-version="3.10.100.v20220710-1223"; singleton:="true"
                                          org.eclipse.equinox.preferences [35]
                                            Unresolved requirement: Require-Bundle: org.eclipse.equinox.common; bundle-version="[3.2.0,4.0.0)"
                                              -> Bundle-SymbolicName: org.eclipse.equinox.common; bundle-version="3.17.0.v20221006-0914"; singleton:="true"
                                                 org.eclipse.equinox.common [30]
                                                   Unresolved requirement: Require-Capability: osgi.ee; filter:="(&(osgi.ee=JavaSE)(version=11))"
                              Unresolved requirement: Require-Bundle: org.eclipse.equinox.registry; bundle-version="[3.11.0,4.0.0)"; visibility:="reexport"
                                -> Bundle-SymbolicName: org.eclipse.equinox.registry; bundle-version="3.11.200.v20220817-1601"; singleton:="true"
                                   org.eclipse.equinox.registry [36]
                                     Unresolved requirement: Require-Bundle: org.eclipse.equinox.common; bundle-version="[3.15.100,4.0.0)"
                                       -> Bundle-SymbolicName: org.eclipse.equinox.common; bundle-version="3.17.0.v20221006-0914"; singleton:="true"
                                     Unresolved requirement: Import-Package: org.eclipse.core.runtime.jobs; resolution:="optional"
                                       -> Export-Package: org.eclipse.core.runtime.jobs; bundle-symbolic-name="org.eclipse.core.jobs"; bundle-version="3.13.200.v20221027-1557"; version="0.0.0"
                                          org.eclipse.core.jobs [22]
                                            Unresolved requirement: Require-Bundle: org.eclipse.equinox.common; bundle-version="[3.8.0,4.0.0)"
                                              -> Bundle-SymbolicName: org.eclipse.equinox.common; bundle-version="3.17.0.v20221006-0914"; singleton:="true"
                              Unresolved requirement: Require-Bundle: org.eclipse.equinox.preferences; bundle-version="[3.10.0,4.0.0)"; visibility:="reexport"
                                -> Bundle-SymbolicName: org.eclipse.equinox.preferences; bundle-version="3.10.100.v20220710-1223"; singleton:="true"
                              Unresolved requirement: Require-Bundle: org.eclipse.equinox.common; bundle-version="3.16.0"; visibility:="reexport"
                                -> Bundle-SymbolicName: org.eclipse.equinox.common; bundle-version="3.17.0.v20221006-0914"; singleton:="true"
                              Unresolved requirement: Require-Bundle: org.eclipse.equinox.app; bundle-version="1.6.0"; visibility:="reexport"
                                -> Bundle-SymbolicName: org.eclipse.equinox.app; bundle-version="1.6.200.v20220720-2012"; singleton:="true"
                                   org.eclipse.equinox.app [29]
                                     Unresolved requirement: Require-Bundle: org.eclipse.equinox.registry; bundle-version="[3.4.0,4.0.0)"
                                       -> Bundle-SymbolicName: org.eclipse.equinox.registry; bundle-version="3.11.200.v20220817-1601"; singleton:="true"
                              Unresolved requirement: Require-Bundle: org.eclipse.core.jobs; bundle-version="[3.13.0,4.0.0)"; visibility:="reexport"
                                -> Bundle-SymbolicName: org.eclipse.core.jobs; bundle-version="3.13.200.v20221027-1557"; singleton:="true"
                Unresolved requirement: Require-Bundle: org.eclipse.core.runtime; bundle-version="[3.25.0,4.0.0)"
                  -> Bundle-SymbolicName: org.eclipse.core.runtime; bundle-version="3.26.100.v20221021-0005"; singleton:="true"
         Unresolved requirement: Require-Bundle: org.eclipse.core.expressions; bundle-version="[3.2.0,4.0.0)"
           -> Bundle-SymbolicName: org.eclipse.core.expressions; bundle-version="3.8.200.v20220613-1047"; singleton:="true"
              org.eclipse.core.expressions [19]
                Unresolved requirement: Require-Bundle: org.eclipse.core.runtime; bundle-version="[3.3.0,4.0.0)"
                  -> Bundle-SymbolicName: org.eclipse.core.runtime; bundle-version="3.26.100.v20221021-0005"; singleton:="true"


!ENTRY org.eclipse.jdt.junit.core 2 0 2022-12-22 16:58:07.540
!MESSAGE Could not resolve module: org.eclipse.jdt.junit.core [48]
  Unresolved requirement: Require-Bundle: org.eclipse.core.expressions; bundle-version="[3.4.100,4.0.0)"
    -> Bundle-SymbolicName: org.eclipse.core.expressions; bundle-version="3.8.200.v20220613-1047"; singleton:="true"
       org.eclipse.core.expressions [19]
         Unresolved requirement: Require-Bundle: org.eclipse.core.runtime; bundle-version="[3.3.0,4.0.0)"
           -> Bundle-SymbolicName: org.eclipse.core.runtime; bundle-version="3.26.100.v20221021-0005"; singleton:="true"
              org.eclipse.core.runtime [26]
                Unresolved requirement: Require-Capability: osgi.ee; filter:="(&(osgi.ee=JavaSE)(version=11))"
                Unresolved requirement: Require-Bundle: org.eclipse.core.contenttype; bundle-version="[3.8.0,4.0.0)"; visibility:="reexport"
                  -> Bundle-SymbolicName: org.eclipse.core.contenttype; bundle-version="3.8.200.v20220817-1539"; singleton:="true"
                     org.eclipse.core.contenttype [18]
                       Unresolved requirement: Require-Bundle: org.eclipse.equinox.preferences; bundle-version="[3.2.0,4.0.0)"
                         -> Bundle-SymbolicName: org.eclipse.equinox.preferences; bundle-version="3.10.100.v20220710-1223"; singleton:="true"
                            org.eclipse.equinox.preferences [35]
                              Unresolved requirement: Require-Bundle: org.eclipse.equinox.common; bundle-version="[3.2.0,4.0.0)"
                                -> Bundle-SymbolicName: org.eclipse.equinox.common; bundle-version="3.17.0.v20221006-0914"; singleton:="true"
                                   org.eclipse.equinox.common [30]
                                     Unresolved requirement: Require-Capability: osgi.ee; filter:="(&(osgi.ee=JavaSE)(version=11))"
                Unresolved requirement: Require-Bundle: org.eclipse.equinox.registry; bundle-version="[3.11.0,4.0.0)"; visibility:="reexport"
                  -> Bundle-SymbolicName: org.eclipse.equinox.registry; bundle-version="3.11.200.v20220817-1601"; singleton:="true"
                     org.eclipse.equinox.registry [36]
                       Unresolved requirement: Require-Bundle: org.eclipse.equinox.common; bundle-version="[3.15.100,4.0.0)"
                         -> Bundle-SymbolicName: org.eclipse.equinox.common; bundle-version="3.17.0.v20221006-0914"; singleton:="true"
                       Unresolved requirement: Import-Package: org.eclipse.core.runtime.jobs; resolution:="optional"
                         -> Export-Package: org.eclipse.core.runtime.jobs; bundle-symbolic-name="org.eclipse.core.jobs"; bundle-version="3.13.200.v20221027-1557"; version="0.0.0"
                            org.eclipse.core.jobs [22]
                              Unresolved requirement: Require-Bundle: org.eclipse.equinox.common; bundle-version="[3.8.0,4.0.0)"
                                -> Bundle-SymbolicName: org.eclipse.equinox.common; bundle-version="3.17.0.v20221006-0914"; singleton:="true"
                Unresolved requirement: Require-Bundle: org.eclipse.equinox.preferences; bundle-version="[3.10.0,4.0.0)"; visibility:="reexport"
                  -> Bundle-SymbolicName: org.eclipse.equinox.preferences; bundle-version="3.10.100.v20220710-1223"; singleton:="true"
                Unresolved requirement: Require-Bundle: org.eclipse.equinox.common; bundle-version="3.16.0"; visibility:="reexport"
                  -> Bundle-SymbolicName: org.eclipse.equinox.common; bundle-version="3.17.0.v20221006-0914"; singleton:="true"
                Unresolved requirement: Require-Bundle: org.eclipse.equinox.app; bundle-version="1.6.0"; visibility:="reexport"
                  -> Bundle-SymbolicName: org.eclipse.equinox.app; bundle-version="1.6.200.v20220720-2012"; singleton:="true"
                     org.eclipse.equinox.app [29]
                       Unresolved requirement: Require-Bundle: org.eclipse.equinox.registry; bundle-version="[3.4.0,4.0.0)"
                         -> Bundle-SymbolicName: org.eclipse.equinox.registry; bundle-version="3.11.200.v20220817-1601"; singleton:="true"
                Unresolved requirement: Require-Bundle: org.eclipse.core.jobs; bundle-version="[3.13.0,4.0.0)"; visibility:="reexport"
                  -> Bundle-SymbolicName: org.eclipse.core.jobs; bundle-version="3.13.200.v20221027-1557"; singleton:="true"


!ENTRY org.eclipse.ant.core 2 0 2022-12-22 16:58:07.541
!MESSAGE Could not resolve module: org.eclipse.ant.core [13]
  Unresolved requirement: Require-Bundle: org.eclipse.core.variables; bundle-version="[3.1.0,4.0.0)"
    -> Bundle-SymbolicName: org.eclipse.core.variables; bundle-version="3.5.100.v20210721-1355"; singleton:="true"
       org.eclipse.core.variables [27]
         Unresolved requirement: Require-Capability: osgi.ee; filter:="(&(osgi.ee=JavaSE)(version=11))"
         Unresolved requirement: Require-Bundle: org.eclipse.core.runtime; bundle-version="[3.3.0,4.0.0)"
           -> Bundle-SymbolicName: org.eclipse.core.runtime; bundle-version="3.26.100.v20221021-0005"; singleton:="true"
              org.eclipse.core.runtime [26]
                Unresolved requirement: Require-Capability: osgi.ee; filter:="(&(osgi.ee=JavaSE)(version=11))"
                Unresolved requirement: Require-Bundle: org.eclipse.core.contenttype; bundle-version="[3.8.0,4.0.0)"; visibility:="reexport"
                  -> Bundle-SymbolicName: org.eclipse.core.contenttype; bundle-version="3.8.200.v20220817-1539"; singleton:="true"
                     org.eclipse.core.contenttype [18]
                       Unresolved requirement: Require-Bundle: org.eclipse.equinox.preferences; bundle-version="[3.2.0,4.0.0)"
                         -> Bundle-SymbolicName: org.eclipse.equinox.preferences; bundle-version="3.10.100.v20220710-1223"; singleton:="true"
                            org.eclipse.equinox.preferences [35]
                              Unresolved requirement: Require-Bundle: org.eclipse.equinox.common; bundle-version="[3.2.0,4.0.0)"
                                -> Bundle-SymbolicName: org.eclipse.equinox.common; bundle-version="3.17.0.v20221006-0914"; singleton:="true"
                                   org.eclipse.equinox.common [30]
                                     Unresolved requirement: Require-Capability: osgi.ee; filter:="(&(osgi.ee=JavaSE)(version=11))"
                Unresolved requirement: Require-Bundle: org.eclipse.equinox.registry; bundle-version="[3.11.0,4.0.0)"; visibility:="reexport"
                  -> Bundle-SymbolicName: org.eclipse.equinox.registry; bundle-version="3.11.200.v20220817-1601"; singleton:="true"
                     org.eclipse.equinox.registry [36]
                       Unresolved requirement: Require-Bundle: org.eclipse.equinox.common; bundle-version="[3.15.100,4.0.0)"
                         -> Bundle-SymbolicName: org.eclipse.equinox.common; bundle-version="3.17.0.v20221006-0914"; singleton:="true"
                       Unresolved requirement: Import-Package: org.eclipse.core.runtime.jobs; resolution:="optional"
                         -> Export-Package: org.eclipse.core.runtime.jobs; bundle-symbolic-name="org.eclipse.core.jobs"; bundle-version="3.13.200.v20221027-1557"; version="0.0.0"
                            org.eclipse.core.jobs [22]
                              Unresolved requirement: Require-Bundle: org.eclipse.equinox.common; bundle-version="[3.8.0,4.0.0)"
                                -> Bundle-SymbolicName: org.eclipse.equinox.common; bundle-version="3.17.0.v20221006-0914"; singleton:="true"
                Unresolved requirement: Require-Bundle: org.eclipse.equinox.preferences; bundle-version="[3.10.0,4.0.0)"; visibility:="reexport"
                  -> Bundle-SymbolicName: org.eclipse.equinox.preferences; bundle-version="3.10.100.v20220710-1223"; singleton:="true"
                Unresolved requirement: Require-Bundle: org.eclipse.equinox.common; bundle-version="3.16.0"; visibility:="reexport"
                  -> Bundle-SymbolicName: org.eclipse.equinox.common; bundle-version="3.17.0.v20221006-0914"; singleton:="true"
                Unresolved requirement: Require-Bundle: org.eclipse.equinox.app; bundle-version="1.6.0"; visibility:="reexport"
                  -> Bundle-SymbolicName: org.eclipse.equinox.app; bundle-version="1.6.200.v20220720-2012"; singleton:="true"
                     org.eclipse.equinox.app [29]
                       Unresolved requirement: Require-Bundle: org.eclipse.equinox.registry; bundle-version="[3.4.0,4.0.0)"
                         -> Bundle-SymbolicName: org.eclipse.equinox.registry; bundle-version="3.11.200.v20220817-1601"; singleton:="true"
                Unresolved requirement: Require-Bundle: org.eclipse.core.jobs; bundle-version="[3.13.0,4.0.0)"; visibility:="reexport"
                  -> Bundle-SymbolicName: org.eclipse.core.jobs; bundle-version="3.13.200.v20221027-1557"; singleton:="true"
  Unresolved requirement: Require-Bundle: org.eclipse.core.runtime; bundle-version="[3.25.0,4.0.0)"
    -> Bundle-SymbolicName: org.eclipse.core.runtime; bundle-version="3.26.100.v20221021-0005"; singleton:="true"


!ENTRY org.eclipse.core.resources 2 0 2022-12-22 16:58:07.543
!MESSAGE Could not resolve module: org.eclipse.core.resources [25]
  Unresolved requirement: Require-Bundle: org.eclipse.ant.core; bundle-version="[3.1.0,4.0.0)"; resolution:="optional"
    -> Bundle-SymbolicName: org.eclipse.ant.core; bundle-version="3.6.500.v20220718-1722"; singleton:="true"
       org.eclipse.ant.core [13]
         Unresolved requirement: Require-Bundle: org.eclipse.core.variables; bundle-version="[3.1.0,4.0.0)"
           -> Bundle-SymbolicName: org.eclipse.core.variables; bundle-version="3.5.100.v20210721-1355"; singleton:="true"
              org.eclipse.core.variables [27]
                Unresolved requirement: Require-Capability: osgi.ee; filter:="(&(osgi.ee=JavaSE)(version=11))"
                Unresolved requirement: Require-Bundle: org.eclipse.core.runtime; bundle-version="[3.3.0,4.0.0)"
                  -> Bundle-SymbolicName: org.eclipse.core.runtime; bundle-version="3.26.100.v20221021-0005"; singleton:="true"
                     org.eclipse.core.runtime [26]
                       Unresolved requirement: Require-Capability: osgi.ee; filter:="(&(osgi.ee=JavaSE)(version=11))"
                       Unresolved requirement: Require-Bundle: org.eclipse.core.contenttype; bundle-version="[3.8.0,4.0.0)"; visibility:="reexport"
                         -> Bundle-SymbolicName: org.eclipse.core.contenttype; bundle-version="3.8.200.v20220817-1539"; singleton:="true"
                            org.eclipse.core.contenttype [18]
                              Unresolved requirement: Require-Bundle: org.eclipse.equinox.preferences; bundle-version="[3.2.0,4.0.0)"
                                -> Bundle-SymbolicName: org.eclipse.equinox.preferences; bundle-version="3.10.100.v20220710-1223"; singleton:="true"
                                   org.eclipse.equinox.preferences [35]
                                     Unresolved requirement: Require-Bundle: org.eclipse.equinox.common; bundle-version="[3.2.0,4.0.0)"
                                       -> Bundle-SymbolicName: org.eclipse.equinox.common; bundle-version="3.17.0.v20221006-0914"; singleton:="true"
                                          org.eclipse.equinox.common [30]
                                            Unresolved requirement: Require-Capability: osgi.ee; filter:="(&(osgi.ee=JavaSE)(version=11))"
                       Unresolved requirement: Require-Bundle: org.eclipse.equinox.registry; bundle-version="[3.11.0,4.0.0)"; visibility:="reexport"
                         -> Bundle-SymbolicName: org.eclipse.equinox.registry; bundle-version="3.11.200.v20220817-1601"; singleton:="true"
                            org.eclipse.equinox.registry [36]
                              Unresolved requirement: Require-Bundle: org.eclipse.equinox.common; bundle-version="[3.15.100,4.0.0)"
                                -> Bundle-SymbolicName: org.eclipse.equinox.common; bundle-version="3.17.0.v20221006-0914"; singleton:="true"
                              Unresolved requirement: Import-Package: org.eclipse.core.runtime.jobs; resolution:="optional"
                                -> Export-Package: org.eclipse.core.runtime.jobs; bundle-symbolic-name="org.eclipse.core.jobs"; bundle-version="3.13.200.v20221027-1557"; version="0.0.0"
                                   org.eclipse.core.jobs [22]
                                     Unresolved requirement: Require-Bundle: org.eclipse.equinox.common; bundle-version="[3.8.0,4.0.0)"
                                       -> Bundle-SymbolicName: org.eclipse.equinox.common; bundle-version="3.17.0.v20221006-0914"; singleton:="true"
                       Unresolved requirement: Require-Bundle: org.eclipse.equinox.preferences; bundle-version="[3.10.0,4.0.0)"; visibility:="reexport"
                         -> Bundle-SymbolicName: org.eclipse.equinox.preferences; bundle-version="3.10.100.v20220710-1223"; singleton:="true"
                       Unresolved requirement: Require-Bundle: org.eclipse.equinox.common; bundle-version="3.16.0"; visibility:="reexport"
                         -> Bundle-SymbolicName: org.eclipse.equinox.common; bundle-version="3.17.0.v20221006-0914"; singleton:="true"
                       Unresolved requirement: Require-Bundle: org.eclipse.equinox.app; bundle-version="1.6.0"; visibility:="reexport"
                         -> Bundle-SymbolicName: org.eclipse.equinox.app; bundle-version="1.6.200.v20220720-2012"; singleton:="true"
                            org.eclipse.equinox.app [29]
                              Unresolved requirement: Require-Bundle: org.eclipse.equinox.registry; bundle-version="[3.4.0,4.0.0)"
                                -> Bundle-SymbolicName: org.eclipse.equinox.registry; bundle-version="3.11.200.v20220817-1601"; singleton:="true"
                       Unresolved requirement: Require-Bundle: org.eclipse.core.jobs; bundle-version="[3.13.0,4.0.0)"; visibility:="reexport"
                         -> Bundle-SymbolicName: org.eclipse.core.jobs; bundle-version="3.13.200.v20221027-1557"; singleton:="true"
         Unresolved requirement: Require-Bundle: org.eclipse.core.runtime; bundle-version="[3.25.0,4.0.0)"
           -> Bundle-SymbolicName: org.eclipse.core.runtime; bundle-version="3.26.100.v20221021-0005"; singleton:="true"
  Unresolved requirement: Require-Bundle: org.eclipse.core.expressions; bundle-version="[3.2.0,4.0.0)"
    -> Bundle-SymbolicName: org.eclipse.core.expressions; bundle-version="3.8.200.v20220613-1047"; singleton:="true"
       org.eclipse.core.expressions [19]
         Unresolved requirement: Require-Bundle: org.eclipse.core.runtime; bundle-version="[3.3.0,4.0.0)"
           -> Bundle-SymbolicName: org.eclipse.core.runtime; bundle-version="3.26.100.v20221021-0005"; singleton:="true"


!ENTRY org.eclipse.equinox.frameworkadmin 2 0 2022-12-22 16:58:07.545
!MESSAGE Could not resolve module: org.eclipse.equinox.frameworkadmin [31]
  Unresolved requirement: Require-Bundle: org.eclipse.equinox.common; bundle-version="3.4.0"
    -> Bundle-SymbolicName: org.eclipse.equinox.common; bundle-version="3.17.0.v20221006-0914"; singleton:="true"
       org.eclipse.equinox.common [30]
         Unresolved requirement: Require-Capability: osgi.ee; filter:="(&(osgi.ee=JavaSE)(version=11))"


!ENTRY org.eclipse.core.jobs 2 0 2022-12-22 16:58:07.546
!MESSAGE Could not resolve module: org.eclipse.core.jobs [22]
  Unresolved requirement: Require-Bundle: org.eclipse.equinox.common; bundle-version="[3.8.0,4.0.0)"
    -> Bundle-SymbolicName: org.eclipse.equinox.common; bundle-version="3.17.0.v20221006-0914"; singleton:="true"
       org.eclipse.equinox.common [30]
         Unresolved requirement: Require-Capability: osgi.ee; filter:="(&(osgi.ee=JavaSE)(version=11))"


!ENTRY org.eclipse.jdt.junit.runtime 2 0 2022-12-22 16:58:07.548
!MESSAGE Could not resolve module: org.eclipse.jdt.junit.runtime [49]
  Unresolved requirement: Require-Capability: osgi.ee; filter:="(&(osgi.ee=JavaSE)(version=11))"


!ENTRY org.eclipse.equinox.preferences 2 0 2022-12-22 16:58:07.549
!MESSAGE Could not resolve module: org.eclipse.equinox.preferences [35]
  Unresolved requirement: Require-Bundle: org.eclipse.equinox.common; bundle-version="[3.2.0,4.0.0)"
    -> Bundle-SymbolicName: org.eclipse.equinox.common; bundle-version="3.17.0.v20221006-0914"; singleton:="true"
       org.eclipse.equinox.common [30]
         Unresolved requirement: Require-Capability: osgi.ee; filter:="(&(osgi.ee=JavaSE)(version=11))"


!ENTRY org.eclipse.jdt.core.manipulation 2 0 2022-12-22 16:58:07.551
!MESSAGE Could not resolve module: org.eclipse.jdt.core.manipulation [46]
  Unresolved requirement: Require-Bundle: org.eclipse.core.runtime; bundle-version="[3.11.0,4.0.0)"
    -> Bundle-SymbolicName: org.eclipse.core.runtime; bundle-version="3.26.100.v20221021-0005"; singleton:="true"
       org.eclipse.core.runtime [26]
         Unresolved requirement: Require-Capability: osgi.ee; filter:="(&(osgi.ee=JavaSE)(version=11))"
         Unresolved requirement: Require-Bundle: org.eclipse.core.contenttype; bundle-version="[3.8.0,4.0.0)"; visibility:="reexport"
           -> Bundle-SymbolicName: org.eclipse.core.contenttype; bundle-version="3.8.200.v20220817-1539"; singleton:="true"
              org.eclipse.core.contenttype [18]
                Unresolved requirement: Require-Bundle: org.eclipse.equinox.preferences; bundle-version="[3.2.0,4.0.0)"
                  -> Bundle-SymbolicName: org.eclipse.equinox.preferences; bundle-version="3.10.100.v20220710-1223"; singleton:="true"
                     org.eclipse.equinox.preferences [35]
                       Unresolved requirement: Require-Bundle: org.eclipse.equinox.common; bundle-version="[3.2.0,4.0.0)"
                         -> Bundle-SymbolicName: org.eclipse.equinox.common; bundle-version="3.17.0.v20221006-0914"; singleton:="true"
                            org.eclipse.equinox.common [30]
                              Unresolved requirement: Require-Capability: osgi.ee; filter:="(&(osgi.ee=JavaSE)(version=11))"
         Unresolved requirement: Require-Bundle: org.eclipse.equinox.registry; bundle-version="[3.11.0,4.0.0)"; visibility:="reexport"
           -> Bundle-SymbolicName: org.eclipse.equinox.registry; bundle-version="3.11.200.v20220817-1601"; singleton:="true"
              org.eclipse.equinox.registry [36]
                Unresolved requirement: Require-Bundle: org.eclipse.equinox.common; bundle-version="[3.15.100,4.0.0)"
                  -> Bundle-SymbolicName: org.eclipse.equinox.common; bundle-version="3.17.0.v20221006-0914"; singleton:="true"
                Unresolved requirement: Import-Package: org.eclipse.core.runtime.jobs; resolution:="optional"
                  -> Export-Package: org.eclipse.core.runtime.jobs; bundle-symbolic-name="org.eclipse.core.jobs"; bundle-version="3.13.200.v20221027-1557"; version="0.0.0"
                     org.eclipse.core.jobs [22]
                       Unresolved requirement: Require-Bundle: org.eclipse.equinox.common; bundle-version="[3.8.0,4.0.0)"
                         -> Bundle-SymbolicName: org.eclipse.equinox.common; bundle-version="3.17.0.v20221006-0914"; singleton:="true"
         Unresolved requirement: Require-Bundle: org.eclipse.equinox.preferences; bundle-version="[3.10.0,4.0.0)"; visibility:="reexport"
           -> Bundle-SymbolicName: org.eclipse.equinox.preferences; bundle-version="3.10.100.v20220710-1223"; singleton:="true"
         Unresolved requirement: Require-Bundle: org.eclipse.equinox.common; bundle-version="3.16.0"; visibility:="reexport"
           -> Bundle-SymbolicName: org.eclipse.equinox.common; bundle-version="3.17.0.v20221006-0914"; singleton:="true"
         Unresolved requirement: Require-Bundle: org.eclipse.equinox.app; bundle-version="1.6.0"; visibility:="reexport"
           -> Bundle-SymbolicName: org.eclipse.equinox.app; bundle-version="1.6.200.v20220720-2012"; singleton:="true"
              org.eclipse.equinox.app [29]
                Unresolved requirement: Require-Bundle: org.eclipse.equinox.registry; bundle-version="[3.4.0,4.0.0)"
                  -> Bundle-SymbolicName: org.eclipse.equinox.registry; bundle-version="3.11.200.v20220817-1601"; singleton:="true"
         Unresolved requirement: Require-Bundle: org.eclipse.core.jobs; bundle-version="[3.13.0,4.0.0)"; visibility:="reexport"
           -> Bundle-SymbolicName: org.eclipse.core.jobs; bundle-version="3.13.200.v20221027-1557"; singleton:="true"


!ENTRY org.eclipse.jdt.core 2 0 2022-12-22 16:58:07.553
!MESSAGE Could not resolve module: org.eclipse.jdt.core [45]
  Unresolved requirement: Require-Bundle: org.eclipse.core.resources; bundle-version="[3.18.0,4.0.0)"
    -> Bundle-SymbolicName: org.eclipse.core.resources; bundle-version="3.18.100.v20221025-2047"; singleton:="true"
       org.eclipse.core.resources [25]
         Unresolved requirement: Require-Bundle: org.eclipse.ant.core; bundle-version="[3.1.0,4.0.0)"; resolution:="optional"
           -> Bundle-SymbolicName: org.eclipse.ant.core; bundle-version="3.6.500.v20220718-1722"; singleton:="true"
              org.eclipse.ant.core [13]
                Unresolved requirement: Require-Bundle: org.eclipse.core.variables; bundle-version="[3.1.0,4.0.0)"
                  -> Bundle-SymbolicName: org.eclipse.core.variables; bundle-version="3.5.100.v20210721-1355"; singleton:="true"
                     org.eclipse.core.variables [27]
                       Unresolved requirement: Require-Capability: osgi.ee; filter:="(&(osgi.ee=JavaSE)(version=11))"
                       Unresolved requirement: Require-Bundle: org.eclipse.core.runtime; bundle-version="[3.3.0,4.0.0)"
                         -> Bundle-SymbolicName: org.eclipse.core.runtime; bundle-version="3.26.100.v20221021-0005"; singleton:="true"
                            org.eclipse.core.runtime [26]
                              Unresolved requirement: Require-Capability: osgi.ee; filter:="(&(osgi.ee=JavaSE)(version=11))"
                              Unresolved requirement: Require-Bundle: org.eclipse.core.contenttype; bundle-version="[3.8.0,4.0.0)"; visibility:="reexport"
                                -> Bundle-SymbolicName: org.eclipse.core.contenttype; bundle-version="3.8.200.v20220817-1539"; singleton:="true"
                                   org.eclipse.core.contenttype [18]
                                     Unresolved requirement: Require-Bundle: org.eclipse.equinox.preferences; bundle-version="[3.2.0,4.0.0)"
                                       -> Bundle-SymbolicName: org.eclipse.equinox.preferences; bundle-version="3.10.100.v20220710-1223"; singleton:="true"
                                          org.eclipse.equinox.preferences [35]
                                            Unresolved requirement: Require-Bundle: org.eclipse.equinox.common; bundle-version="[3.2.0,4.0.0)"
                                              -> Bundle-SymbolicName: org.eclipse.equinox.common; bundle-version="3.17.0.v20221006-0914"; singleton:="true"
                                                 org.eclipse.equinox.common [30]
                                                   Unresolved requirement: Require-Capability: osgi.ee; filter:="(&(osgi.ee=JavaSE)(version=11))"
                              Unresolved requirement: Require-Bundle: org.eclipse.equinox.registry; bundle-version="[3.11.0,4.0.0)"; visibility:="reexport"
                                -> Bundle-SymbolicName: org.eclipse.equinox.registry; bundle-version="3.11.200.v20220817-1601"; singleton:="true"
                                   org.eclipse.equinox.registry [36]
                                     Unresolved requirement: Require-Bundle: org.eclipse.equinox.common; bundle-version="[3.15.100,4.0.0)"
                                       -> Bundle-SymbolicName: org.eclipse.equinox.common; bundle-version="3.17.0.v20221006-0914"; singleton:="true"
                                     Unresolved requirement: Import-Package: org.eclipse.core.runtime.jobs; resolution:="optional"
                                       -> Export-Package: org.eclipse.core.runtime.jobs; bundle-symbolic-name="org.eclipse.core.jobs"; bundle-version="3.13.200.v20221027-1557"; version="0.0.0"
                                          org.eclipse.core.jobs [22]
                                            Unresolved requirement: Require-Bundle: org.eclipse.equinox.common; bundle-version="[3.8.0,4.0.0)"
                                              -> Bundle-SymbolicName: org.eclipse.equinox.common; bundle-version="3.17.0.v20221006-0914"; singleton:="true"
                              Unresolved requirement: Require-Bundle: org.eclipse.equinox.preferences; bundle-version="[3.10.0,4.0.0)"; visibility:="reexport"
                                -> Bundle-SymbolicName: org.eclipse.equinox.preferences; bundle-version="3.10.100.v20220710-1223"; singleton:="true"
                              Unresolved requirement: Require-Bundle: org.eclipse.equinox.common; bundle-version="3.16.0"; visibility:="reexport"
                                -> Bundle-SymbolicName: org.eclipse.equinox.common; bundle-version="3.17.0.v20221006-0914"; singleton:="true"
                              Unresolved requirement: Require-Bundle: org.eclipse.equinox.app; bundle-version="1.6.0"; visibility:="reexport"
                                -> Bundle-SymbolicName: org.eclipse.equinox.app; bundle-version="1.6.200.v20220720-2012"; singleton:="true"
                                   org.eclipse.equinox.app [29]
                                     Unresolved requirement: Require-Bundle: org.eclipse.equinox.registry; bundle-version="[3.4.0,4.0.0)"
                                       -> Bundle-SymbolicName: org.eclipse.equinox.registry; bundle-version="3.11.200.v20220817-1601"; singleton:="true"
                              Unresolved requirement: Require-Bundle: org.eclipse.core.jobs; bundle-version="[3.13.0,4.0.0)"; visibility:="reexport"
                                -> Bundle-SymbolicName: org.eclipse.core.jobs; bundle-version="3.13.200.v20221027-1557"; singleton:="true"
                Unresolved requirement: Require-Bundle: org.eclipse.core.runtime; bundle-version="[3.25.0,4.0.0)"
                  -> Bundle-SymbolicName: org.eclipse.core.runtime; bundle-version="3.26.100.v20221021-0005"; singleton:="true"
         Unresolved requirement: Require-Bundle: org.eclipse.core.expressions; bundle-version="[3.2.0,4.0.0)"
           -> Bundle-SymbolicName: org.eclipse.core.expressions; bundle-version="3.8.200.v20220613-1047"; singleton:="true"
              org.eclipse.core.expressions [19]
                Unresolved requirement: Require-Bundle: org.eclipse.core.runtime; bundle-version="[3.3.0,4.0.0)"
                  -> Bundle-SymbolicName: org.eclipse.core.runtime; bundle-version="3.26.100.v20221021-0005"; singleton:="true"


!ENTRY org.eclipse.core.contenttype 2 0 2022-12-22 16:58:07.554
!MESSAGE Could not resolve module: org.eclipse.core.contenttype [18]
  Unresolved requirement: Require-Bundle: org.eclipse.equinox.preferences; bundle-version="[3.2.0,4.0.0)"
    -> Bundle-SymbolicName: org.eclipse.equinox.preferences; bundle-version="3.10.100.v20220710-1223"; singleton:="true"
       org.eclipse.equinox.preferences [35]
         Unresolved requirement: Require-Bundle: org.eclipse.equinox.common; bundle-version="[3.2.0,4.0.0)"
           -> Bundle-SymbolicName: org.eclipse.equinox.common; bundle-version="3.17.0.v20221006-0914"; singleton:="true"
              org.eclipse.equinox.common [30]
                Unresolved requirement: Require-Capability: osgi.ee; filter:="(&(osgi.ee=JavaSE)(version=11))"


!ENTRY org.eclipse.osgi 4 0 2022-12-22 16:58:07.555
!MESSAGE Application error
!STACK 1
java.lang.IllegalStateException: Unable to acquire application service. Ensure that the org.eclipse.core.runtime bundle is resolved and started (see config.ini).
	at org.eclipse.core.runtime.internal.adaptor.EclipseAppLauncher.start(EclipseAppLauncher.java:81)
	at org.eclipse.core.runtime.adaptor.EclipseStarter.run(EclipseStarter.java:402)
	at org.eclipse.core.runtime.adaptor.EclipseStarter.run(EclipseStarter.java:255)
	at sun.reflect.NativeMethodAccessorImpl.invoke0(Native Method)
	at sun.reflect.NativeMethodAccessorImpl.invoke(NativeMethodAccessorImpl.java:62)
	at sun.reflect.DelegatingMethodAccessorImpl.invoke(DelegatingMethodAccessorImpl.java:43)
	at java.lang.reflect.Method.invoke(Method.java:498)
	at org.eclipse.equinox.launcher.Main.invokeFramework(Main.java:659)
	at org.eclipse.equinox.launcher.Main.basicRun(Main.java:596)
	at org.eclipse.equinox.launcher.Main.run(Main.java:1467)
	at org.eclipse.equinox.launcher.Main.main(Main.java:1440)
